Video ID,Video URL,Date Posted,Views,Likes,Comments,Shawn Seconds,Total Seconds,Dominant Emotion,Emotion Confidence,Day Uploaded,Screen Time Percentage,Engagement Rate,Like-to-Comment Ratio,Weekday vs. Weekend Upload,Time Since Upload,Views per Day,Themes
7002788353783434497,https://www.tiktok.com/@shawnlemuel/video/7002788353783434497,2021-09-01 10:35:00,991.0,10.0,0.0,0,12.6,sadness,0.9916713237762452,2021-09-01,0.0,1.01,0.0,0,1326.0,0.75,1
7002789394994236674,https://www.tiktok.com/@shawnlemuel/video/7002789394994236674,2021-09-01 10:39:00,1095.0,6.0,0.0,0,14.2,anger,0.2915484607219696,2021-09-01,0.0,0.55,0.0,0,1326.0,0.83,1
7003183961660771586,https://www.tiktok.com/@shawnlemuel/video/7003183961660771586,2021-09-02 12:10:00,1292.0,11.0,0.0,0,10.466666666666669,anger,0.2915484607219696,2021-09-02,0.0,0.85,0.0,0,1325.0,0.97,1
7003188807923223809,https://www.tiktok.com/@shawnlemuel/video/7003188807923223809,2021-09-02 12:29:00,1398.0,13.0,0.0,0,9.933333333333334,anger,0.2915484607219696,2021-09-02,0.0,0.93,0.0,0,1325.0,1.05,1
7003189629818014977,https://www.tiktok.com/@shawnlemuel/video/7003189629818014977,2021-09-02 12:32:00,1585.0,12.0,0.0,0,7.6,joy,0.9988592863082886,2021-09-02,0.0,0.76,0.0,0,1325.0,1.2,1
7014796375292382465,https://www.tiktok.com/@shawnlemuel/video/7014796375292382465,2021-10-03 19:12:00,995000.0,0.0,573.0,0,62.68,joy,0.9980617165565492,2021-10-03,0.0,0.06,0.0,1,1294.0,768.34,2
7014865683179654401,https://www.tiktok.com/@shawnlemuel/video/7014865683179654401,2021-10-03 23:41:00,1828.0,30.0,0.0,0,21.96,joy,0.9617164134979248,2021-10-03,0.0,1.64,0.0,1,1293.0,1.41,1
7015011548942912769,https://www.tiktok.com/@shawnlemuel/video/7015011548942912769,2021-10-04 09:07:00,2142.0,28.0,0.0,0,77.88,joy,0.5524376034736633,2021-10-04,0.0,1.31,0.0,0,1293.0,1.66,1
7015023118641040641,https://www.tiktok.com/@shawnlemuel/video/7015023118641040641,2021-10-04 09:52:00,2107.0,35.0,2.0,0,21.16,joy,0.998596727848053,2021-10-04,0.0,1.76,17.5,0,1293.0,1.63,1
7015034600481197314,https://www.tiktok.com/@shawnlemuel/video/7015034600481197314,2021-10-04 10:37:00,2066.0,31.0,0.0,0,27.44,fear,0.9842903017997742,2021-10-04,0.0,1.5,0.0,0,1293.0,1.6,2
7015094813859040514,https://www.tiktok.com/@shawnlemuel/video/7015094813859040514,2021-10-04 14:30:00,286000.0,9444.0,121.0,0,88.64,anger,0.6752831339836121,2021-10-04,0.0,3.34,78.05,0,1293.0,221.02,2
7015176894832250113,https://www.tiktok.com/@shawnlemuel/video/7015176894832250113,2021-10-04 19:49:00,1651.0,16.0,4.0,0,40.76,joy,0.9978976249694824,2021-10-04,0.0,1.21,4.0,0,1293.0,1.28,2
7015181047222619394,https://www.tiktok.com/@shawnlemuel/video/7015181047222619394,2021-10-04 20:05:00,1799.0,27.0,0.0,0,41.36,joy,0.9982510209083556,2021-10-04,0.0,1.5,0.0,0,1293.0,1.39,2
7015184179558108418,https://www.tiktok.com/@shawnlemuel/video/7015184179558108418,2021-10-04 20:17:00,1970.0,31.0,0.0,0,38.56,joy,0.9983493089675904,2021-10-04,0.0,1.57,0.0,0,1293.0,1.52,2
7015194610750311682,https://www.tiktok.com/@shawnlemuel/video/7015194610750311682,2021-10-04 20:57:00,2367.0,54.0,0.0,0,54.36,joy,0.9311398267745972,2021-10-04,0.0,2.28,0.0,0,1293.0,1.83,2
7015212083142790402,https://www.tiktok.com/@shawnlemuel/video/7015212083142790402,2021-10-04 22:05:00,2631.0,59.0,0.0,0,55.72,joy,0.9988946318626404,2021-10-04,0.0,2.24,0.0,0,1293.0,2.03,1
7015212615551012097,https://www.tiktok.com/@shawnlemuel/video/7015212615551012097,2021-10-04 22:07:00,82000.0,2576.0,45.0,0,41.56,joy,0.99846088886261,2021-10-04,0.0,3.2,57.24,0,1293.0,63.37,2
7015352292832480513,https://www.tiktok.com/@shawnlemuel/video/7015352292832480513,2021-10-05 07:09:00,1534.0,16.0,0.0,0,36.08,joy,0.9976709485054016,2021-10-05,0.0,1.04,0.0,0,1292.0,1.19,2
7015383686572985601,https://www.tiktok.com/@shawnlemuel/video/7015383686572985601,2021-10-05 09:11:00,1649.0,16.0,0.0,0,28.6,joy,0.998127281665802,2021-10-05,0.0,0.97,0.0,0,1292.0,1.28,2
7015384260437658882,https://www.tiktok.com/@shawnlemuel/video/7015384260437658882,2021-10-05 09:13:00,2669.0,30.0,0.0,0,27.56,joy,0.984808087348938,2021-10-05,0.0,1.12,0.0,0,1292.0,2.06,2
7015393776617164033,https://www.tiktok.com/@shawnlemuel/video/7015393776617164033,2021-10-05 09:50:00,1934.0,19.0,0.0,0,17.16,sadness,0.9930644631385804,2021-10-05,0.0,0.98,0.0,0,1292.0,1.5,2
7015394428995030274,https://www.tiktok.com/@shawnlemuel/video/7015394428995030274,2021-10-05 09:53:00,21000.0,582.0,0.0,0,20.96,joy,0.5132166743278503,2021-10-05,0.0,2.77,0.0,0,1292.0,16.24,2
7015575538836245761,https://www.tiktok.com/@shawnlemuel/video/7015575538836245761,2021-10-05 21:36:00,2076.0,26.0,0.0,0,30.4,joy,0.9453262686729432,2021-10-05,0.0,1.25,0.0,0,1292.0,1.61,2
7015576155273104642,https://www.tiktok.com/@shawnlemuel/video/7015576155273104642,2021-10-05 21:38:00,2225.0,23.0,0.0,0,16.2,joy,0.8541145324707031,2021-10-05,0.0,1.03,0.0,0,1292.0,1.72,2
7015577115491929345,https://www.tiktok.com/@shawnlemuel/video/7015577115491929345,2021-10-05 21:42:00,1691.0,22.0,0.0,0,18.4,joy,0.9974544644355774,2021-10-05,0.0,1.3,0.0,0,1292.0,1.31,2
7015577871620132098,https://www.tiktok.com/@shawnlemuel/video/7015577871620132098,2021-10-05 21:45:00,2408.0,30.0,0.0,0,44.12,joy,0.998162806034088,2021-10-05,0.0,1.25,0.0,0,1292.0,1.86,2
7015578449637084417,https://www.tiktok.com/@shawnlemuel/video/7015578449637084417,2021-10-05 21:47:00,2735.0,45.0,1.0,0,29.0,joy,0.9955154061317444,2021-10-05,0.0,1.68,45.0,0,1292.0,2.12,2
7015579431087394049,https://www.tiktok.com/@shawnlemuel/video/7015579431087394049,2021-10-05 21:51:00,40000.0,1056.0,19.0,0,27.08,joy,0.9916440844535828,2021-10-05,0.0,2.69,55.58,0,1292.0,30.94,2
7015774544128527617,https://www.tiktok.com/@shawnlemuel/video/7015774544128527617,2021-10-06 10:28:00,1843.0,25.0,0.0,0,34.4,joy,0.9954500794410706,2021-10-06,0.0,1.36,0.0,0,1291.0,1.43,2
7015774928595176705,https://www.tiktok.com/@shawnlemuel/video/7015774928595176705,2021-10-06 10:29:00,1824.0,17.0,0.0,0,25.12,joy,0.7304503321647644,2021-10-06,0.0,0.93,0.0,0,1291.0,1.41,2
7015776494001622274,https://www.tiktok.com/@shawnlemuel/video/7015776494001622274,2021-10-06 10:36:00,2273.0,29.0,0.0,0,50.88,anger,0.9627371430397034,2021-10-06,0.0,1.28,0.0,0,1291.0,1.76,2
7015776959003184385,https://www.tiktok.com/@shawnlemuel/video/7015776959003184385,2021-10-06 10:37:00,103000.0,3189.0,11.0,0,14.6,sadness,0.5450117588043213,2021-10-06,0.0,3.11,289.91,0,1291.0,79.72,2
7015995662361840898,https://www.tiktok.com/@shawnlemuel/video/7015995662361840898,2021-10-07 00:46:00,2155.0,25.0,0.0,0,46.8,joy,0.9966654181480408,2021-10-07,0.0,1.16,0.0,0,1290.0,1.67,2
7015996235521821953,https://www.tiktok.com/@shawnlemuel/video/7015996235521821953,2021-10-07 00:48:00,1865.0,25.0,0.0,0,42.76,joy,0.9712247252464294,2021-10-07,0.0,1.34,0.0,0,1290.0,1.44,2
7015996763433618690,https://www.tiktok.com/@shawnlemuel/video/7015996763433618690,2021-10-07 00:50:00,2304.0,44.0,4.0,0,55.32,joy,0.8154354691505432,2021-10-07,0.0,2.08,11.0,0,1290.0,1.78,2
7015997421855460610,https://www.tiktok.com/@shawnlemuel/video/7015997421855460610,2021-10-07 00:53:00,2276.0,14.0,0.0,0,19.0,joy,0.9970491528511048,2021-10-07,0.0,0.62,0.0,0,1290.0,1.76,2
7015998473984036097,https://www.tiktok.com/@shawnlemuel/video/7015998473984036097,2021-10-07 00:57:00,121000.0,4282.0,42.0,0,44.44,joy,0.9373729825019836,2021-10-07,0.0,3.57,101.95,0,1290.0,93.73,2
7016137112030285057,https://www.tiktok.com/@shawnlemuel/video/7016137112030285057,2021-10-07 09:55:00,2271.0,34.0,0.0,0,31.24,joy,0.9972705245018004,2021-10-07,0.0,1.5,0.0,0,1290.0,1.76,2
7016138983998622978,https://www.tiktok.com/@shawnlemuel/video/7016138983998622978,2021-10-07 10:02:00,3391.0,68.0,1.0,0,44.32,joy,0.9987667798995972,2021-10-07,0.0,2.03,68.0,0,1290.0,2.63,2
7016139609197366529,https://www.tiktok.com/@shawnlemuel/video/7016139609197366529,2021-10-07 10:05:00,8080.0,102.0,0.0,0,34.68,joy,0.9990959167480468,2021-10-07,0.0,1.26,0.0,0,1290.0,6.26,2
7016141745314385154,https://www.tiktok.com/@shawnlemuel/video/7016141745314385154,2021-10-07 10:13:00,3116.0,35.0,0.0,0,25.16,joy,0.9871633052825928,2021-10-07,0.0,1.12,0.0,0,1290.0,2.41,2
7016358405312875778,https://www.tiktok.com/@shawnlemuel/video/7016358405312875778,2021-10-08 00:14:00,26000.0,484.0,2.0,0,29.64,joy,0.8405406475067139,2021-10-08,0.0,1.87,242.0,0,1289.0,20.16,2
7016358904632200449,https://www.tiktok.com/@shawnlemuel/video/7016358904632200449,2021-10-08 00:16:00,7424.0,130.0,0.0,0,15.68,anger,0.4039488434791565,2021-10-08,0.0,1.75,0.0,0,1289.0,5.76,2
7016359494389124353,https://www.tiktok.com/@shawnlemuel/video/7016359494389124353,2021-10-08 00:18:00,102000.0,4685.0,93.0,0,32.16,joy,0.9981656670570374,2021-10-08,0.0,4.68,50.38,0,1289.0,79.07,2
7016505592982424834,https://www.tiktok.com/@shawnlemuel/video/7016505592982424834,2021-10-08 09:45:00,2626.0,37.0,0.0,0,24.8,joy,0.9970566034317015,2021-10-08,0.0,1.41,0.0,0,1289.0,2.04,2
7016513025016335617,https://www.tiktok.com/@shawnlemuel/video/7016513025016335617,2021-10-08 10:14:00,368000.0,6042.0,123.0,0,13.8,anger,0.5719233155250549,2021-10-08,0.0,1.68,49.12,0,1289.0,285.27,2
7017335161574460674,https://www.tiktok.com/@shawnlemuel/video/7017335161574460674,2021-10-10 15:24:00,459000.0,0.0,232.0,0,66.32,joy,0.5684457421302795,2021-10-10,0.0,0.05,0.0,1,1287.0,356.37,2
7017435548226784513,https://www.tiktok.com/@shawnlemuel/video/7017435548226784513,2021-10-10 21:53:00,2202.0,26.0,0.0,0,33.8,joy,0.9983201622962952,2021-10-10,0.0,1.18,0.0,1,1287.0,1.71,2
7017436516418931969,https://www.tiktok.com/@shawnlemuel/video/7017436516418931969,2021-10-10 21:57:00,2125.0,17.0,0.0,0,38.12,joy,0.661902904510498,2021-10-10,0.0,0.8,0.0,1,1287.0,1.65,2
7018205815169486082,https://www.tiktok.com/@shawnlemuel/video/7018205815169486082,2021-10-12 23:42:00,1750.0,12.0,0.0,0,26.88,love,0.9331093430519104,2021-10-12,0.0,0.69,0.0,0,1284.0,1.36,2
7018206607687372033,https://www.tiktok.com/@shawnlemuel/video/7018206607687372033,2021-10-12 23:46:00,1863.0,11.0,0.0,0,18.4,joy,0.7924172878265381,2021-10-12,0.0,0.59,0.0,0,1284.0,1.45,2
7018207400918306050,https://www.tiktok.com/@shawnlemuel/video/7018207400918306050,2021-10-12 23:49:00,2416.0,16.0,0.0,0,27.4,joy,0.9393121600151062,2021-10-12,0.0,0.66,0.0,0,1284.0,1.88,2
7018208293898259713,https://www.tiktok.com/@shawnlemuel/video/7018208293898259713,2021-10-12 23:52:00,24000.0,628.0,9.0,0,76.16,joy,0.5420733690261841,2021-10-12,0.0,2.65,69.78,0,1284.0,18.68,2
7018580852770721026,https://www.tiktok.com/@shawnlemuel/video/7018580852770721026,2021-10-13 23:58:00,2098.0,36.0,1.0,0,36.52,joy,0.9104905724525452,2021-10-13,0.0,1.76,36.0,0,1283.0,1.63,2
7018735456141577474,https://www.tiktok.com/@shawnlemuel/video/7018735456141577474,2021-10-14 09:58:00,2405.0,28.0,0.0,0,40.24,joy,0.9736526012420654,2021-10-14,0.0,1.16,0.0,0,1283.0,1.87,2
7018740804298542338,https://www.tiktok.com/@shawnlemuel/video/7018740804298542338,2021-10-14 10:19:00,235000.0,7333.0,6.0,0,61.56,sadness,0.9835748672485352,2021-10-14,0.0,3.12,1222.17,0,1283.0,183.02,2
7019297236865600770,https://www.tiktok.com/@shawnlemuel/video/7019297236865600770,2021-10-15 22:18:00,1792.0,19.0,0.0,0,43.96,love,0.9584168791770936,2021-10-15,0.0,1.06,0.0,0,1282.0,1.4,2
7019463780040035585,https://www.tiktok.com/@shawnlemuel/video/7019463780040035585,2021-10-16 09:04:00,2016.0,16.0,0.0,0,36.68,joy,0.994966685771942,2021-10-16,0.0,0.79,0.0,1,1281.0,1.57,2
7019492354180631809,https://www.tiktok.com/@shawnlemuel/video/7019492354180631809,2021-10-16 10:55:00,17000.0,335.0,4.0,0,32.48,joy,0.6250673532485962,2021-10-16,0.0,1.99,83.75,1,1281.0,13.26,2
7020926938927713537,https://www.tiktok.com/@shawnlemuel/video/7020926938927713537,2021-10-20 07:42:00,2984.0,28.0,0.0,0,57.86666666666667,sadness,0.9977980852127076,2021-10-20,0.0,0.94,0.0,0,1277.0,2.33,2
7021114732010638594,https://www.tiktok.com/@shawnlemuel/video/7021114732010638594,2021-10-20 19:51:00,30000.0,690.0,7.0,0,81.56,fear,0.9306743144989014,2021-10-20,0.0,2.32,98.57,0,1277.0,23.47,2
7026889093464345858,https://www.tiktok.com/@shawnlemuel/video/7026889093464345858,2021-11-05 09:18:00,8294.0,161.0,5.0,0,102.8,sadness,0.5321813821792603,2021-11-05,0.0,2.0,32.2,0,1261.0,6.57,1
7027272501155630337,https://www.tiktok.com/@shawnlemuel/video/7027272501155630337,2021-11-06 10:06:00,6848.0,80.0,0.0,0,82.8,fear,0.9952577948570251,2021-11-06,0.0,1.17,0.0,1,1260.0,5.43,6
7027684159032151297,https://www.tiktok.com/@shawnlemuel/video/7027684159032151297,2021-11-07 12:43:00,52000.0,1089.0,30.0,0,21.73333333333333,joy,0.9897984266281128,2021-11-07,0.0,2.15,36.3,1,1259.0,41.27,6
7027684909640617218,https://www.tiktok.com/@shawnlemuel/video/7027684909640617218,2021-11-07 12:46:00,185000.0,5865.0,68.0,0,14.933333333333334,joy,0.9836193919181824,2021-11-07,0.0,3.21,86.25,1,1259.0,146.83,6
7028510174851779842,https://www.tiktok.com/@shawnlemuel/video/7028510174851779842,2021-11-09 18:09:00,4500000.0,0.0,1222.0,0,62.2,joy,0.9979223608970642,2021-11-09,0.0,0.03,0.0,0,1257.0,3577.11,6
7028954469261987073,https://www.tiktok.com/@shawnlemuel/video/7028954469261987073,2021-11-10 22:53:00,17000.0,308.0,1.0,0,51.266666666666666,anger,0.7106888890266418,2021-11-10,0.0,1.82,308.0,0,1255.0,13.54,6
7029283305904147714,https://www.tiktok.com/@shawnlemuel/video/7029283305904147714,2021-11-11 20:09:00,52000.0,875.0,1.0,0,32.766666666666666,joy,0.9974404573440552,2021-11-11,0.0,1.68,875.0,0,1255.0,41.4,6
7030077761142164737,https://www.tiktok.com/@shawnlemuel/video/7030077761142164737,2021-11-13 23:32:00,12000.0,339.0,3.0,0,31.133333333333333,anger,0.5306349396705627,2021-11-13,0.0,2.85,113.0,1,1252.0,9.58,6
7030760877926173953,https://www.tiktok.com/@shawnlemuel/video/7030760877926173953,2021-11-15 19:43:00,8575.0,141.0,4.0,0,34.13333333333333,joy,0.9987753033638,2021-11-15,0.0,1.69,35.25,0,1251.0,6.85,6
7031128772828990721,https://www.tiktok.com/@shawnlemuel/video/7031128772828990721,2021-11-16 19:30:00,9325.0,289.0,0.0,0,17.875,fear,0.9940588474273682,2021-11-16,0.0,3.1,0.0,0,1250.0,7.45,2
7031538437203217665,https://www.tiktok.com/@shawnlemuel/video/7031538437203217665,2021-11-17 22:00:00,230000.0,5439.0,42.0,0,32.96,joy,0.9954630732536316,2021-11-17,0.0,2.38,129.5,0,1249.0,184.0,6
7031539370452602114,https://www.tiktok.com/@shawnlemuel/video/7031539370452602114,2021-11-17 22:03:00,38000.0,664.0,5.0,0,30.28,joy,0.9210164546966552,2021-11-17,0.0,1.76,132.8,0,1249.0,30.4,6
7031898119134579969,https://www.tiktok.com/@shawnlemuel/video/7031898119134579969,2021-11-18 21:16:00,7123.0,158.0,0.0,0,33.375,joy,0.6932159066200256,2021-11-18,0.0,2.22,0.0,0,1248.0,5.7,4
7032501848669981953,https://www.tiktok.com/@shawnlemuel/video/7032501848669981953,2021-11-20 12:18:00,1600000.0,0.0,432.0,0,49.29166666666666,sadness,0.9975411891937256,2021-11-20,0.0,0.03,0.0,1,1246.0,1283.08,1
7033397102013123841,https://www.tiktok.com/@shawnlemuel/video/7033397102013123841,2021-11-22 22:12:00,9942.0,203.0,1.0,0,50.6,joy,0.8863507509231567,2021-11-22,0.0,2.05,203.0,0,1244.0,7.99,6
7033745325282069761,https://www.tiktok.com/@shawnlemuel/video/7033745325282069761,2021-11-23 20:44:00,453000.0,0.0,55.0,0,29.88,joy,0.968128502368927,2021-11-23,0.0,0.01,0.0,0,1243.0,364.15,6
7033768181311245570,https://www.tiktok.com/@shawnlemuel/video/7033768181311245570,2021-11-23 22:12:00,6891.0,281.0,1.0,0,26.416666666666668,anger,0.4856758713722229,2021-11-23,0.0,4.09,281.0,0,1243.0,5.54,1
7034088930341424386,https://www.tiktok.com/@shawnlemuel/video/7034088930341424386,2021-11-24 18:57:00,6206.0,26.0,0.0,0,30.508474576271187,joy,0.9946267008781432,2021-11-24,0.0,0.42,0.0,0,1242.0,4.99,6
7034482513900850434,https://www.tiktok.com/@shawnlemuel/video/7034482513900850434,2021-11-25 20:24:00,8455.0,184.0,0.0,0,60.208333333333336,joy,0.960722029209137,2021-11-25,0.0,2.18,0.0,0,1241.0,6.81,4
7034850163353046273,https://www.tiktok.com/@shawnlemuel/video/7034850163353046273,2021-11-26 20:11:00,18000.0,149.0,3.0,0,34.54237288135593,joy,0.99679297208786,2021-11-26,0.0,0.84,49.67,0,1240.0,14.5,4
7034854919077137665,https://www.tiktok.com/@shawnlemuel/video/7034854919077137665,2021-11-26 20:29:00,662000.0,0.0,273.0,0,88.64,joy,0.8623797297477722,2021-11-26,0.0,0.04,0.0,0,1240.0,533.44,2
7035084949413711106,https://www.tiktok.com/@shawnlemuel/video/7035084949413711106,2021-11-27 11:22:00,8247.0,175.0,2.0,0,39.875,fear,0.5220374464988708,2021-11-27,0.0,2.15,87.5,1,1239.0,6.65,4
7035397564623097090,https://www.tiktok.com/@shawnlemuel/video/7035397564623097090,2021-11-28 07:35:00,9591.0,263.0,0.0,0,59.125,joy,0.8945186734199524,2021-11-28,0.0,2.74,0.0,1,1238.0,7.74,4
7035926841101798658,https://www.tiktok.com/@shawnlemuel/video/7035926841101798658,2021-11-29 17:49:00,12000.0,286.0,4.0,0,74.4,joy,0.8981859087944031,2021-11-29,0.0,2.42,71.5,0,1237.0,9.69,4
7036355939108277505,https://www.tiktok.com/@shawnlemuel/video/7036355939108277505,2021-11-30 21:34:00,8438.0,197.0,0.0,0,14.0,sadness,0.6824333667755127,2021-11-30,0.0,2.33,0.0,0,1236.0,6.82,1
7037482013250604290,https://www.tiktok.com/@shawnlemuel/video/7037482013250604290,2021-12-03 22:24:00,22000.0,315.0,2.0,0,10.666666666666666,joy,0.4970695376396179,2021-12-03,0.0,1.44,157.5,0,1233.0,17.83,4
7037500273039920386,https://www.tiktok.com/@shawnlemuel/video/7037500273039920386,2021-12-03 23:35:00,18000.0,366.0,3.0,0,57.44,joy,0.9989174604415894,2021-12-03,0.0,2.05,122.0,0,1232.0,14.6,4
7037744517667196161,https://www.tiktok.com/@shawnlemuel/video/7037744517667196161,2021-12-04 15:23:00,23000.0,292.0,0.0,0,46.88021354688021,fear,0.6863232851028442,2021-12-04,0.0,1.27,0.0,1,1232.0,18.65,4
7038879379627298049,https://www.tiktok.com/@shawnlemuel/video/7038879379627298049,2021-12-07 16:46:00,2000000.0,0.0,676.0,0,25.75,sadness,0.6217924952507019,2021-12-07,0.0,0.03,0.0,0,1229.0,1626.02,4
7039667275762289922,https://www.tiktok.com/@shawnlemuel/video/7039667275762289922,2021-12-09 19:44:00,15000.0,413.0,2.0,0,10.208333333333334,joy,0.608830988407135,2021-12-09,0.0,2.77,206.5,0,1227.0,12.21,4
7040439461376773377,https://www.tiktok.com/@shawnlemuel/video/7040439461376773377,2021-12-11 21:40:00,8862.0,233.0,0.0,0,26.933333333333334,sadness,0.9983433485031128,2021-12-11,0.0,2.63,0.0,1,1225.0,7.23,4
7041333379215789314,https://www.tiktok.com/@shawnlemuel/video/7041333379215789314,2021-12-14 07:29:00,75000.0,2159.0,11.0,0,23.64,joy,0.991040289402008,2021-12-14,0.0,2.89,196.27,0,1222.0,61.32,4
7042297088675286273,https://www.tiktok.com/@shawnlemuel/video/7042297088675286273,2021-12-16 21:49:00,11000.0,323.0,4.0,0,46.208333333333336,joy,0.9988755583763124,2021-12-16,0.0,2.97,80.75,0,1220.0,9.01,4
7042992526122355969,https://www.tiktok.com/@shawnlemuel/video/7042992526122355969,2021-12-18 18:48:00,7592.0,255.0,2.0,0,22.416666666666668,sadness,0.9975724816322328,2021-12-18,0.0,3.39,127.5,1,1218.0,6.23,4
7043989440187993346,https://www.tiktok.com/@shawnlemuel/video/7043989440187993346,2021-12-21 11:16:00,8382.0,206.0,0.0,0,16.791666666666668,joy,0.9712600708007812,2021-12-21,0.0,2.46,0.0,0,1215.0,6.89,4
7044893755039632641,https://www.tiktok.com/@shawnlemuel/video/7044893755039632641,2021-12-23 21:45:00,7106.0,120.0,0.0,0,28.416666666666668,sadness,0.8337655663490295,2021-12-23,0.0,1.69,0.0,0,1213.0,5.85,4
7046334686733405442,https://www.tiktok.com/@shawnlemuel/video/7046334686733405442,2021-12-27 18:57:00,39000.0,1977.0,2.0,0,14.916666666666666,joy,0.9263805150985718,2021-12-27,0.0,5.07,988.5,0,1209.0,32.23,4
7046719563194453250,https://www.tiktok.com/@shawnlemuel/video/7046719563194453250,2021-12-28 19:50:00,96000.0,3772.0,14.0,0,21.666666666666668,joy,0.9975994229316713,2021-12-28,0.0,3.94,269.43,0,1208.0,79.4,4
7049157211616038145,https://www.tiktok.com/@shawnlemuel/video/7049157211616038145,2022-01-04 09:30:00,6345.0,153.0,3.0,0,71.46666666666667,sadness,0.9885138869285583,2022-01-04,0.0,2.46,51.0,0,1201.0,5.28,4
7049514323672141057,https://www.tiktok.com/@shawnlemuel/video/7049514323672141057,2022-01-05 08:36:00,13000.0,483.0,13.0,0,25.791666666666668,sadness,0.6217924952507019,2022-01-05,0.0,3.82,37.15,0,1200.0,10.82,1
7049514877039217922,https://www.tiktok.com/@shawnlemuel/video/7049514877039217922,2022-01-05 08:38:00,5999.0,68.0,1.0,0,46.54166666666666,joy,0.9976043105125428,2022-01-05,0.0,1.15,68.0,0,1200.0,5.0,4
7050095396428827906,https://www.tiktok.com/@shawnlemuel/video/7050095396428827906,2022-01-06 22:10:00,7022.0,109.0,1.0,0,53.03333333333333,sadness,0.9973104000091552,2022-01-06,0.0,1.57,109.0,0,1199.0,5.85,4
7050255338880126210,https://www.tiktok.com/@shawnlemuel/video/7050255338880126210,2022-01-07 08:31:00,7156.0,161.0,2.0,0,43.7,anger,0.6695610284805298,2022-01-07,0.0,2.28,80.5,0,1198.0,5.97,4
7050635762911546626,https://www.tiktok.com/@shawnlemuel/video/7050635762911546626,2022-01-08 09:07:00,7592.0,133.0,0.0,0,35.666666666666664,anger,0.9880716800689696,2022-01-08,0.0,1.75,0.0,1,1197.0,6.34,4
7050988481501285633,https://www.tiktok.com/@shawnlemuel/video/7050988481501285633,2022-01-09 07:56:00,8168.0,138.0,1.0,0,29.166666666666668,joy,0.9972372055053712,2022-01-09,0.0,1.7,138.0,1,1196.0,6.82,4
7051432403251858689,https://www.tiktok.com/@shawnlemuel/video/7051432403251858689,2022-01-10 12:39:00,7820.0,180.0,0.0,0,71.23333333333333,joy,0.9966927766799928,2022-01-10,0.0,2.3,0.0,0,1195.0,6.54,4
7051918569847721217,https://www.tiktok.com/@shawnlemuel/video/7051918569847721217,2022-01-11 20:05:00,7314.0,142.0,0.0,0,22.25,joy,0.9976255297660828,2022-01-11,0.0,1.94,0.0,0,1194.0,6.12,4
7052343617905626370,https://www.tiktok.com/@shawnlemuel/video/7052343617905626370,2022-01-12 23:35:00,7388.0,26.0,0.0,0,53.833333333333336,joy,0.9054008722305298,2022-01-12,0.0,0.35,0.0,0,1192.0,6.19,4
7052682156325227777,https://www.tiktok.com/@shawnlemuel/video/7052682156325227777,2022-01-13 21:28:00,55000.0,1650.0,21.0,0,36.54166666666666,joy,0.9969766139984132,2022-01-13,0.0,3.04,78.57,0,1192.0,46.1,1
7054476060309622018,https://www.tiktok.com/@shawnlemuel/video/7054476060309622018,2022-01-18 17:30:00,1300000.0,0.0,310.0,0,66.66666666666667,joy,0.3998083770275116,2022-01-18,0.0,0.02,0.0,0,1187.0,1094.28,4
7054863838608493825,https://www.tiktok.com/@shawnlemuel/video/7054863838608493825,2022-01-19 18:34:00,8386.0,220.0,0.0,0,22.33333333333333,joy,0.9965845346450806,2022-01-19,0.0,2.62,0.0,0,1186.0,7.06,4
7056198253859147009,https://www.tiktok.com/@shawnlemuel/video/7056198253859147009,2022-01-23 08:53:00,8194.0,280.0,1.0,0,15.666666666666666,sadness,0.9111807346343994,2022-01-23,0.0,3.43,280.0,1,1182.0,6.93,4
7057789369599544578,https://www.tiktok.com/@shawnlemuel/video/7057789369599544578,2022-01-27 15:47:00,1100000.0,0.0,163.0,0,51.125,anger,0.9952781200408936,2022-01-27,0.0,0.01,0.0,0,1178.0,932.99,4
7058214074722602241,https://www.tiktok.com/@shawnlemuel/video/7058214074722602241,2022-01-28 19:15:00,9736.0,363.0,3.0,0,31.291666666666668,joy,0.9979222416877748,2022-01-28,0.0,3.76,121.0,0,1177.0,8.26,4
7059327169515883778,https://www.tiktok.com/@shawnlemuel/video/7059327169515883778,2022-01-31 19:14:00,14000.0,479.0,7.0,0,27.541666666666668,joy,0.8734363913536072,2022-01-31,0.0,3.47,68.43,0,1174.0,11.91,4
7060846287264025858,https://www.tiktok.com/@shawnlemuel/video/7060846287264025858,2022-02-04 21:29:00,9072.0,202.0,0.0,0,28.291666666666668,joy,0.9597067832946776,2022-02-04,0.0,2.23,0.0,0,1170.0,7.75,4
7062287727441530113,https://www.tiktok.com/@shawnlemuel/video/7062287727441530113,2022-02-08 18:43:00,8639.0,444.0,4.0,0,28.916666666666668,joy,0.7882893681526184,2022-02-08,0.0,5.19,111.0,0,1166.0,7.4,4
7063450185090813186,https://www.tiktok.com/@shawnlemuel/video/7063450185090813186,2022-02-11 21:54:00,5624.0,125.0,0.0,0,22.166666666666668,joy,0.9914981722831726,2022-02-11,0.0,2.22,0.0,0,1163.0,4.83,4
7064860516086271234,https://www.tiktok.com/@shawnlemuel/video/7064860516086271234,2022-02-15 17:07:00,4071.0,87.0,2.0,0,31.133333333333333,joy,0.6859366297721863,2022-02-15,0.0,2.19,43.5,0,1159.0,3.51,4
7066774387147459842,https://www.tiktok.com/@shawnlemuel/video/7066774387147459842,2022-02-20 20:53:00,4368.0,113.0,0.0,0,14.9,joy,0.6889836192131042,2022-02-20,0.0,2.59,0.0,1,1154.0,3.78,4
7068281199214480642,https://www.tiktok.com/@shawnlemuel/video/7068281199214480642,2022-02-24 22:21:00,123000.0,4938.0,4.0,0,62.0,joy,0.998197853565216,2022-02-24,0.0,4.02,1234.5,0,1150.0,106.86,4
7070065124018556162,https://www.tiktok.com/@shawnlemuel/video/7070065124018556162,2022-03-01 17:43:00,131000.0,5128.0,60.0,0,33.0,joy,0.580600917339325,2022-03-01,0.0,3.96,85.47,0,1145.0,114.31,4
7070463036263386370,https://www.tiktok.com/@shawnlemuel/video/7070463036263386370,2022-03-02 19:27:00,14000.0,657.0,8.0,0,59.9,joy,0.9813111424446106,2022-03-02,0.0,4.75,82.12,0,1144.0,12.23,4
7072301021170535681,https://www.tiktok.com/@shawnlemuel/video/7072301021170535681,2022-03-07 18:20:00,51000.0,527.0,4.0,0,22.433333333333334,joy,0.9528786540031432,2022-03-07,0.0,1.04,131.75,0,1139.0,44.74,4
7073437477893180673,https://www.tiktok.com/@shawnlemuel/video/7073437477893180673,2022-03-10 19:50:00,3047.0,53.0,0.0,0,21.133333333333333,joy,0.9954404830932616,2022-03-10,0.0,1.74,0.0,0,1136.0,2.68,4
7078228532630981889,https://www.tiktok.com/@shawnlemuel/video/7078228532630981889,2022-03-23 17:41:00,58000.0,4442.0,11.0,0,13.4,joy,0.9936085939407348,2022-03-23,0.0,7.68,403.82,0,1123.0,51.6,4
7080458712321641730,https://www.tiktok.com/@shawnlemuel/video/7080458712321641730,2022-03-29 17:56:00,2952.0,54.0,0.0,0,23.433333333333334,anger,0.9065332412719728,2022-03-29,0.0,1.83,0.0,0,1117.0,2.64,4
7080670591157619970,https://www.tiktok.com/@shawnlemuel/video/7080670591157619970,2022-03-30 07:38:00,302000.0,9992.0,54.0,0,17.3,joy,0.9971990585327148,2022-03-30,0.0,3.33,185.04,0,1116.0,270.37,4
7081053449869085954,https://www.tiktok.com/@shawnlemuel/video/7081053449869085954,2022-03-31 08:23:00,14000.0,261.0,1.0,0,21.73333333333333,joy,0.998618483543396,2022-03-31,0.0,1.87,261.0,0,1115.0,12.54,4
7081574854381686018,https://www.tiktok.com/@shawnlemuel/video/7081574854381686018,2022-04-01 18:07:00,2762.0,64.0,1.0,0,37.266666666666666,joy,0.9962384700775146,2022-04-01,0.0,2.35,64.0,0,1114.0,2.48,4
7083056780397251842,https://www.tiktok.com/@shawnlemuel/video/7083056780397251842,2022-04-05 17:57:00,72000.0,2518.0,7.0,0,51.06666666666667,joy,0.9770142436027528,2022-04-05,0.0,3.51,359.71,0,1110.0,64.81,4
7083093695360224513,https://www.tiktok.com/@shawnlemuel/video/7083093695360224513,2022-04-05 20:21:00,2944.0,37.0,11.0,0,60.0,joy,0.8610363602638245,2022-04-05,0.0,1.63,3.36,0,1110.0,2.65,3
7083409775609908481,https://www.tiktok.com/@shawnlemuel/video/7083409775609908481,2022-04-06 16:47:00,164000.0,5008.0,19.0,0,12.7,joy,0.9982889294624328,2022-04-06,0.0,3.07,263.58,0,1109.0,147.75,4
7084018720057593090,https://www.tiktok.com/@shawnlemuel/video/7084018720057593090,2022-04-08 08:10:00,53000.0,2218.0,12.0,0,55.4,sadness,0.9355449676513672,2022-04-08,0.0,4.21,184.83,0,1107.0,47.83,4
7084443341164678401,https://www.tiktok.com/@shawnlemuel/video/7084443341164678401,2022-04-09 11:38:00,11000.0,421.0,1.0,0,52.06666666666667,sadness,0.9547919034957886,2022-04-09,0.0,3.84,421.0,1,1106.0,9.94,4
7084788698516098305,https://www.tiktok.com/@shawnlemuel/video/7084788698516098305,2022-04-10 09:58:00,246000.0,0.0,77.0,0,21.6,sadness,0.4844386279582977,2022-04-10,0.0,0.03,0.0,1,1105.0,222.42,4
7085258475890117889,https://www.tiktok.com/@shawnlemuel/video/7085258475890117889,2022-04-11 16:21:00,58000.0,3484.0,7.0,0,18.4,sadness,0.9548630118370056,2022-04-11,0.0,6.02,497.71,0,1104.0,52.49,4
7087900160126094593,https://www.tiktok.com/@shawnlemuel/video/7087900160126094593,2022-04-18 19:12:00,3437.0,134.0,1.0,0,20.1,joy,0.9457733631134032,2022-04-18,0.0,3.93,134.0,0,1097.0,3.13,4
7088295688945143041,https://www.tiktok.com/@shawnlemuel/video/7088295688945143041,2022-04-19 20:47:00,17000.0,344.0,0.0,0,20.1,joy,0.995805025100708,2022-04-19,0.0,2.02,0.0,0,1096.0,15.5,4
7088873489028943105,https://www.tiktok.com/@shawnlemuel/video/7088873489028943105,2022-04-21 10:09:00,2009.0,57.0,0.0,0,20.5,joy,0.9978997707366944,2022-04-21,0.0,2.84,0.0,0,1094.0,1.83,4
7089714260397296898,https://www.tiktok.com/@shawnlemuel/video/7089714260397296898,2022-04-23 16:32:00,47000.0,694.0,18.0,0,16.6,sadness,0.9704026579856871,2022-04-23,0.0,1.51,38.56,1,1092.0,43.0,4
7090425742361627905,https://www.tiktok.com/@shawnlemuel/video/7090425742361627905,2022-04-25 14:33:00,115000.0,6890.0,30.0,5,55.1,joy,0.9833143949508668,2022-04-25,9.07,6.02,229.67,0,1090.0,105.41,4
7091194001440705793,https://www.tiktok.com/@shawnlemuel/video/7091194001440705793,2022-04-27 16:14:00,2925.0,13.0,2.0,0,15.866666666666667,anger,0.8782542943954468,2022-04-27,0.0,0.51,6.5,0,1088.0,2.69,1
7091601817703959809,https://www.tiktok.com/@shawnlemuel/video/7091601817703959809,2022-04-28 18:37:00,2788.0,29.0,1.0,0,26.566666666666663,joy,0.9984588623046876,2022-04-28,0.0,1.08,29.0,0,1087.0,2.56,4
7093317624485924098,https://www.tiktok.com/@shawnlemuel/video/7093317624485924098,2022-05-03 09:35:00,15000.0,153.0,0.0,0,18.466666666666665,joy,0.9890934228897096,2022-05-03,0.0,1.02,0.0,0,1082.0,13.85,4
7094066984224066818,https://www.tiktok.com/@shawnlemuel/video/7094066984224066818,2022-05-05 10:03:00,58000.0,598.0,0.0,0,42.53333333333333,joy,0.9717947244644164,2022-05-05,0.0,1.03,0.0,0,1080.0,53.65,4
7094891910166220034,https://www.tiktok.com/@shawnlemuel/video/7094891910166220034,2022-05-07 15:24:00,13000.0,43.0,0.0,0,19.266666666666666,anger,0.3172714710235595,2022-05-07,0.0,0.33,0.0,1,1078.0,12.05,4
7095187185229384962,https://www.tiktok.com/@shawnlemuel/video/7095187185229384962,2022-05-08 10:30:00,1155.0,13.0,2.0,0,32.36666666666667,anger,0.6439679265022278,2022-05-08,0.0,1.3,6.5,1,1077.0,1.07,1
7096017156298640641,https://www.tiktok.com/@shawnlemuel/video/7096017156298640641,2022-05-10 16:10:00,24000.0,362.0,16.0,0,15.0,joy,0.8235793113708496,2022-05-10,0.0,1.58,22.62,0,1075.0,22.3,1
7097032516904766722,https://www.tiktok.com/@shawnlemuel/video/7097032516904766722,2022-05-13 09:50:00,14000.0,167.0,0.0,0,32.166666666666664,love,0.8635295033454895,2022-05-13,0.0,1.19,0.0,0,1072.0,13.05,4
7097587990955969793,https://www.tiktok.com/@shawnlemuel/video/7097587990955969793,2022-05-14 21:46:00,15000.0,417.0,6.0,0,28.73333333333333,sadness,0.9207693338394164,2022-05-14,0.0,2.82,69.5,1,1071.0,13.99,4
7097744630694808834,https://www.tiktok.com/@shawnlemuel/video/7097744630694808834,2022-05-15 07:54:00,24000.0,995.0,10.0,0,19.933333333333334,joy,0.9970778226852416,2022-05-15,0.0,4.19,99.5,1,1070.0,22.41,4
7098141039239712001,https://www.tiktok.com/@shawnlemuel/video/7098141039239712001,2022-05-16 09:32:00,1360.0,29.0,0.0,0,23.6,sadness,0.9982178807258606,2022-05-16,0.0,2.13,0.0,0,1069.0,1.27,4
7098142108883717378,https://www.tiktok.com/@shawnlemuel/video/7098142108883717378,2022-05-16 09:36:00,1095.0,15.0,1.0,0,22.366666666666667,joy,0.9898194670677184,2022-05-16,0.0,1.46,15.0,0,1069.0,1.02,4
7098142956774788353,https://www.tiktok.com/@shawnlemuel/video/7098142956774788353,2022-05-16 09:39:00,2544.0,89.0,10.0,0,7.5,joy,0.8822753429412842,2022-05-16,0.0,3.89,8.9,0,1069.0,2.38,4
7098230783516708097,https://www.tiktok.com/@shawnlemuel/video/7098230783516708097,2022-05-16 15:20:00,2989.0,120.0,2.0,0,20.133333333333333,joy,0.9922898411750792,2022-05-16,0.0,4.08,60.0,0,1069.0,2.79,4
7098353525935164673,https://www.tiktok.com/@shawnlemuel/video/7098353525935164673,2022-05-16 23:17:00,3081.0,63.0,2.0,0,12.366666666666667,love,0.9923298954963684,2022-05-16,0.0,2.11,31.5,0,1068.0,2.88,4
7098354215373786369,https://www.tiktok.com/@shawnlemuel/video/7098354215373786369,2022-05-16 23:19:00,1038.0,9.0,0.0,0,31.8,sadness,0.6882601380348206,2022-05-16,0.0,0.87,0.0,0,1068.0,0.97,4
7098529537809566977,https://www.tiktok.com/@shawnlemuel/video/7098529537809566977,2022-05-17 10:40:00,1496.0,33.0,0.0,0,41.36,joy,0.9982019662857056,2022-05-17,0.0,2.21,0.0,0,1068.0,1.4,4
7098903978515107073,https://www.tiktok.com/@shawnlemuel/video/7098903978515107073,2022-05-18 10:53:00,2801.0,62.0,3.0,0,9.9,joy,0.995988428592682,2022-05-18,0.0,2.32,20.67,0,1067.0,2.62,4
7098996137348189441,https://www.tiktok.com/@shawnlemuel/video/7098996137348189441,2022-05-18 16:50:00,4320.0,75.0,1.0,0,20.7,joy,0.997653067111969,2022-05-18,0.0,1.76,75.0,0,1067.0,4.04,4
7099026212877536513,https://www.tiktok.com/@shawnlemuel/video/7099026212877536513,2022-05-18 18:47:00,2826.0,91.0,1.0,0,50.3,joy,0.9288848042488098,2022-05-18,0.0,3.26,91.0,0,1067.0,2.65,4
7099108215618637057,https://www.tiktok.com/@shawnlemuel/video/7099108215618637057,2022-05-19 00:05:00,2257.0,85.0,0.0,0,28.9,joy,0.8909395337104797,2022-05-19,0.0,3.77,0.0,0,1066.0,2.12,4
7099286623392681218,https://www.tiktok.com/@shawnlemuel/video/7099286623392681218,2022-05-19 11:37:00,1173.0,24.0,0.0,0,30.2,joy,0.9966062307357788,2022-05-19,0.0,2.05,0.0,0,1066.0,1.1,4
7099374433214762242,https://www.tiktok.com/@shawnlemuel/video/7099374433214762242,2022-05-19 17:18:00,2780.0,120.0,3.0,0,34.666666666666664,joy,0.990001916885376,2022-05-19,0.0,4.42,40.0,0,1066.0,2.61,4
7099762211903606017,https://www.tiktok.com/@shawnlemuel/video/7099762211903606017,2022-05-20 18:23:00,36000.0,1958.0,2.0,0,21.4,joy,0.9948487877845764,2022-05-20,0.0,5.44,979.0,0,1065.0,33.77,4
7099811946823765249,https://www.tiktok.com/@shawnlemuel/video/7099811946823765249,2022-05-20 21:36:00,1641.0,51.0,0.0,0,38.06666666666667,joy,0.9885590076446532,2022-05-20,0.0,3.11,0.0,0,1065.0,1.54,4
7099832401781640449,https://www.tiktok.com/@shawnlemuel/video/7099832401781640449,2022-05-20 22:55:00,18000.0,354.0,13.0,0,14.333333333333334,joy,0.9986162185668944,2022-05-20,0.0,2.04,27.23,0,1064.0,16.9,1
7100214106375900418,https://www.tiktok.com/@shawnlemuel/video/7100214106375900418,2022-05-21 23:37:00,1805.0,60.0,0.0,0,24.4,joy,0.988255262374878,2022-05-21,0.0,3.32,0.0,1,1063.0,1.7,4
7100973989387865345,https://www.tiktok.com/@shawnlemuel/video/7100973989387865345,2022-05-24 00:45:00,1951.0,76.0,1.0,0,19.4,joy,0.9000556468963623,2022-05-24,0.0,3.95,76.0,0,1061.0,1.84,4
7101120153655446785,https://www.tiktok.com/@shawnlemuel/video/7101120153655446785,2022-05-24 10:12:00,1822.0,66.0,3.0,0,14.666666666666666,fear,0.6045039892196655,2022-05-24,0.0,3.79,22.0,0,1061.0,1.72,4
7101498667890265345,https://www.tiktok.com/@shawnlemuel/video/7101498667890265345,2022-05-25 10:41:00,6141.0,183.0,2.0,0,22.7,joy,0.996364176273346,2022-05-25,0.0,3.01,91.5,0,1060.0,5.79,1
7107243330638990594,https://www.tiktok.com/@shawnlemuel/video/7107243330638990594,2022-06-09 22:14:00,101000.0,5025.0,31.0,0,18.23333333333333,joy,0.4600957334041595,2022-06-09,0.0,5.01,162.1,0,1045.0,96.56,1
7130097154953153794,https://www.tiktok.com/@shawnlemuel/video/7130097154953153794,2022-08-10 12:18:00,917.0,31.0,0.0,0,12.5,anger,0.7364546060562134,2022-08-10,0.0,3.38,0.0,0,983.0,0.93,1
7131537940408208642,https://www.tiktok.com/@shawnlemuel/video/7131537940408208642,2022-08-14 09:29:00,1028.0,50.0,0.0,0,15.6,joy,0.9983903169631958,2022-08-14,0.0,4.86,0.0,1,979.0,1.05,1
7133456744327433473,https://www.tiktok.com/@shawnlemuel/video/7133456744327433473,2022-08-19 13:35:00,17000.0,470.0,5.0,0,19.766666666666666,joy,0.9809525609016418,2022-08-19,0.0,2.79,94.0,0,974.0,17.44,4
7141338957878463745,https://www.tiktok.com/@shawnlemuel/video/7141338957878463745,2022-09-09 19:22:00,18000.0,192.0,0.0,2,21.0,joy,0.9984323382377625,2022-09-09,9.52,1.07,0.0,0,953.0,18.87,0
7141703033611717889,https://www.tiktok.com/@shawnlemuel/video/7141703033611717889,2022-09-10 18:55:00,15000.0,243.0,7.0,0,25.433333333333334,joy,0.997128427028656,2022-09-10,0.0,1.67,34.71,1,952.0,15.74,0
7142730820111830273,https://www.tiktok.com/@shawnlemuel/video/7142730820111830273,2022-09-13 13:23:00,16000.0,360.0,2.0,0,27.3,joy,0.9729204773902892,2022-09-13,0.0,2.26,180.0,0,949.0,16.84,0
7142827764406586626,https://www.tiktok.com/@shawnlemuel/video/7142827764406586626,2022-09-13 19:39:00,14000.0,115.0,0.0,0,11.1,sadness,0.7727029323577881,2022-09-13,0.0,0.82,0.0,0,949.0,14.74,0
7142833363575950594,https://www.tiktok.com/@shawnlemuel/video/7142833363575950594,2022-09-13 20:01:00,21000.0,184.0,1.0,0,13.033333333333331,sadness,0.5755246877670288,2022-09-13,0.0,0.88,184.0,0,949.0,22.11,0
7142834006751530241,https://www.tiktok.com/@shawnlemuel/video/7142834006751530241,2022-09-13 20:04:00,14000.0,176.0,0.0,0,19.4,joy,0.9921924471855164,2022-09-13,0.0,1.26,0.0,0,949.0,14.74,0
7143765169590652162,https://www.tiktok.com/@shawnlemuel/video/7143765169590652162,2022-09-16 08:18:00,1428.0,14.0,0.0,1,22.133333333333333,joy,0.9356127977371216,2022-09-16,4.52,0.98,0.0,0,946.0,1.51,0
7147983397762108673,https://www.tiktok.com/@shawnlemuel/video/7147983397762108673,2022-09-27 17:06:00,18000.0,100.0,4.0,28,74.1,sadness,0.965314507484436,2022-09-27,37.79,0.58,25.0,0,935.0,19.23,0
7148295735308553474,https://www.tiktok.com/@shawnlemuel/video/7148295735308553474,2022-09-28 13:18:00,10000.0,113.0,0.0,0,18.766666666666666,anger,0.4729915857315063,2022-09-28,0.0,1.13,0.0,0,934.0,10.7,0
7148297520601419010,https://www.tiktok.com/@shawnlemuel/video/7148297520601419010,2022-09-28 13:25:00,39000.0,185.0,2.0,0,41.53333333333333,joy,0.996788740158081,2022-09-28,0.0,0.48,92.5,0,934.0,41.71,1
7148298329976229122,https://www.tiktok.com/@shawnlemuel/video/7148298329976229122,2022-09-28 13:28:00,61000.0,299.0,16.0,0,43.8,joy,0.992733120918274,2022-09-28,0.0,0.52,18.69,0,934.0,65.24,5
7148299384545955074,https://www.tiktok.com/@shawnlemuel/video/7148299384545955074,2022-09-28 13:32:00,26000.0,53.0,0.0,14,29.766666666666666,joy,0.9954180717468262,2022-09-28,47.03,0.2,0.0,0,934.0,27.81,1
7148391187597102337,https://www.tiktok.com/@shawnlemuel/video/7148391187597102337,2022-09-28 19:28:00,11000.0,68.0,0.0,0,6.9,anger,0.2915484607219696,2022-09-28,0.0,0.62,0.0,0,934.0,11.76,1
7149786557254307074,https://www.tiktok.com/@shawnlemuel/video/7149786557254307074,2022-10-02 13:43:00,3237.0,138.0,1.0,0,46.96666666666667,joy,0.7238029837608337,2022-10-02,0.0,4.29,138.0,1,930.0,3.48,1
7155153235165056258,https://www.tiktok.com/@shawnlemuel/video/7155153235165056258,2022-10-17 00:49:00,5695.0,48.0,0.0,0,12.266666666666667,anger,0.2915484607219696,2022-10-17,0.0,0.84,0.0,0,915.0,6.22,6
7155153674803727618,https://www.tiktok.com/@shawnlemuel/video/7155153674803727618,2022-10-17 00:50:00,21000.0,153.0,6.0,0,12.266666666666667,anger,0.2915484607219696,2022-10-17,0.0,0.76,25.5,0,915.0,22.93,6
7155154100856900865,https://www.tiktok.com/@shawnlemuel/video/7155154100856900865,2022-10-17 00:52:00,4632.0,40.0,1.0,0,12.266666666666667,anger,0.2915484607219696,2022-10-17,0.0,0.89,40.0,0,915.0,5.06,6
7155469925509762306,https://www.tiktok.com/@shawnlemuel/video/7155469925509762306,2022-10-17 21:18:00,22000.0,172.0,7.0,0,9.133333333333333,sadness,0.4093792736530304,2022-10-17,0.0,0.81,24.57,0,915.0,24.02,6
7156475302858788097,https://www.tiktok.com/@shawnlemuel/video/7156475302858788097,2022-10-20 14:19:00,11000.0,40.0,0.0,0,24.266666666666666,fear,0.8274973034858704,2022-10-20,0.0,0.36,0.0,0,912.0,12.05,6
7156477803746036993,https://www.tiktok.com/@shawnlemuel/video/7156477803746036993,2022-10-20 14:29:00,14000.0,55.0,1.0,0,39.63333333333333,joy,0.9893215894699096,2022-10-20,0.0,0.4,55.0,0,912.0,15.33,6
7156816036833135874,https://www.tiktok.com/@shawnlemuel/video/7156816036833135874,2022-10-21 12:21:00,9004.0,32.0,0.0,1,57.13333333333333,joy,0.9977017045021056,2022-10-21,1.75,0.36,0.0,0,911.0,9.87,6
7156888684627774722,https://www.tiktok.com/@shawnlemuel/video/7156888684627774722,2022-10-21 17:03:00,12000.0,39.0,0.0,3,31.466666666666665,joy,0.9973137974739076,2022-10-21,9.53,0.32,0.0,0,911.0,13.16,6
7158023719695305985,https://www.tiktok.com/@shawnlemuel/video/7158023719695305985,2022-10-24 18:27:00,12000.0,51.0,0.0,6,36.63333333333333,joy,0.9880449175834656,2022-10-24,16.38,0.43,0.0,0,908.0,13.2,6
7159453954143702273,https://www.tiktok.com/@shawnlemuel/video/7159453954143702273,2022-10-28 14:58:00,22000.0,160.0,8.0,14,13.133333333333333,joy,0.9896849393844604,2022-10-28,106.6,0.76,20.0,0,904.0,24.31,6
7159457315337391361,https://www.tiktok.com/@shawnlemuel/video/7159457315337391361,2022-10-28 15:11:00,1096.0,8.0,0.0,0,10.266666666666667,joy,0.6256265044212341,2022-10-28,0.0,0.73,0.0,0,904.0,1.21,6
7159458472122174721,https://www.tiktok.com/@shawnlemuel/video/7159458472122174721,2022-10-28 15:15:00,3548.0,17.0,0.0,0,18.066666666666663,joy,0.5566840171813965,2022-10-28,0.0,0.48,0.0,0,904.0,3.92,6
7159460048056454401,https://www.tiktok.com/@shawnlemuel/video/7159460048056454401,2022-10-28 15:21:00,6803.0,35.0,3.0,0,12.533333333333331,joy,0.5196912288665771,2022-10-28,0.0,0.56,11.67,0,904.0,7.52,6
7159460936703659266,https://www.tiktok.com/@shawnlemuel/video/7159460936703659266,2022-10-28 15:25:00,10000.0,42.0,0.0,0,20.366666666666667,joy,0.9937082529067992,2022-10-28,0.0,0.42,0.0,0,904.0,11.05,6
7159925727721196801,https://www.tiktok.com/@shawnlemuel/video/7159925727721196801,2022-10-29 21:28:00,24000.0,89.0,1.0,0,18.6,joy,0.9973338842391968,2022-10-29,0.0,0.38,89.0,1,903.0,26.55,3
7161002845410561281,https://www.tiktok.com/@shawnlemuel/video/7161002845410561281,2022-11-01 19:08:00,2648.0,48.0,3.0,0,23.866666666666667,joy,0.99885094165802,2022-11-01,0.0,1.93,16.0,0,900.0,2.94,6
7161269647881342209,https://www.tiktok.com/@shawnlemuel/video/7161269647881342209,2022-11-02 12:24:00,4063.0,47.0,2.0,0,14.866666666666667,joy,0.9706089496612548,2022-11-02,0.0,1.21,23.5,0,899.0,4.51,6
7161676700235975937,https://www.tiktok.com/@shawnlemuel/video/7161676700235975937,2022-11-03 14:43:00,14000.0,98.0,0.0,5,16.208333333333332,joy,0.4819107055664062,2022-11-03,30.85,0.7,0.0,0,898.0,15.57,3
7165833277339700482,https://www.tiktok.com/@shawnlemuel/video/7165833277339700482,2022-11-14 19:33:00,15000.0,113.0,9.0,0,15.458333333333334,joy,0.9980518817901612,2022-11-14,0.0,0.81,12.56,0,887.0,16.89,3
7166145511202852098,https://www.tiktok.com/@shawnlemuel/video/7166145511202852098,2022-11-15 15:44:00,5182.0,30.0,0.0,3,15.291666666666666,joy,0.9985427856445312,2022-11-15,19.62,0.58,0.0,0,886.0,5.84,3
7166188821254540545,https://www.tiktok.com/@shawnlemuel/video/7166188821254540545,2022-11-15 18:32:00,20000.0,120.0,2.0,0,15.458333333333334,joy,0.9613000750541688,2022-11-15,0.0,0.61,60.0,0,886.0,22.55,3
7169509838161071362,https://www.tiktok.com/@shawnlemuel/video/7169509838161071362,2022-11-24 17:20:00,66000.0,1460.0,6.0,1,25.541666666666668,joy,0.996971845626831,2022-11-24,3.92,2.22,243.33,0,877.0,75.17,1
7173595817289239810,https://www.tiktok.com/@shawnlemuel/video/7173595817289239810,2022-12-05 17:35:00,2317.0,68.0,2.0,0,18.08333333333333,joy,0.962177276611328,2022-12-05,0.0,3.02,34.0,0,866.0,2.67,5
7173598292910017794,https://www.tiktok.com/@shawnlemuel/video/7173598292910017794,2022-12-05 17:45:00,4123.0,68.0,3.0,0,15.916666666666666,joy,0.4933634400367737,2022-12-05,0.0,1.72,22.67,0,866.0,4.76,5
7173968702348610817,https://www.tiktok.com/@shawnlemuel/video/7173968702348610817,2022-12-06 17:42:00,972.0,8.0,0.0,0,18.166666666666668,joy,0.4672584533691406,2022-12-06,0.0,0.82,0.0,0,865.0,1.12,5
7173969953832307970,https://www.tiktok.com/@shawnlemuel/video/7173969953832307970,2022-12-06 17:47:00,836.0,14.0,0.0,0,12.958333333333334,joy,0.6834806203842163,2022-12-06,0.0,1.67,0.0,0,865.0,0.97,5
7173971088731393281,https://www.tiktok.com/@shawnlemuel/video/7173971088731393281,2022-12-06 17:51:00,825.0,20.0,0.0,0,12.958333333333334,joy,0.6834806203842163,2022-12-06,0.0,2.42,0.0,0,865.0,0.95,5
7174347687368625410,https://www.tiktok.com/@shawnlemuel/video/7174347687368625410,2022-12-07 18:13:00,1551.0,17.0,2.0,0,11.666666666666666,joy,0.7712455987930298,2022-12-07,0.0,1.23,8.5,0,864.0,1.79,5
7174349937629547778,https://www.tiktok.com/@shawnlemuel/video/7174349937629547778,2022-12-07 18:22:00,2432.0,26.0,1.0,0,10.916666666666666,joy,0.4099466502666473,2022-12-07,0.0,1.11,26.0,0,864.0,2.81,5
7174350444129504513,https://www.tiktok.com/@shawnlemuel/video/7174350444129504513,2022-12-07 18:23:00,1286.0,18.0,0.0,0,12.958333333333334,joy,0.6834806203842163,2022-12-07,0.0,1.4,0.0,0,864.0,1.49,5
7174628639139466497,https://www.tiktok.com/@shawnlemuel/video/7174628639139466497,2022-12-08 12:23:00,120.0,2.0,0.0,0,12.0,joy,0.9795852899551392,2022-12-08,0.0,1.67,0.0,0,863.0,0.14,5
7174654973731556610,https://www.tiktok.com/@shawnlemuel/video/7174654973731556610,2022-12-08 14:05:00,806.0,13.0,0.0,0,12.0,sadness,0.8470594882965088,2022-12-08,0.0,1.61,0.0,0,863.0,0.93,5
7174711226977586433,https://www.tiktok.com/@shawnlemuel/video/7174711226977586433,2022-12-08 17:43:00,1154.0,13.0,0.0,0,12.708333333333334,joy,0.5351026058197021,2022-12-08,0.0,1.13,0.0,0,863.0,1.34,5
7175002192062008578,https://www.tiktok.com/@shawnlemuel/video/7175002192062008578,2022-12-09 12:33:00,957.0,24.0,4.0,0,12.708333333333334,joy,0.5351026058197021,2022-12-09,0.0,2.93,6.0,0,862.0,1.11,5
7175095366973541633,https://www.tiktok.com/@shawnlemuel/video/7175095366973541633,2022-12-09 18:34:00,1110.0,20.0,0.0,0,15.916666666666666,joy,0.4933634400367737,2022-12-09,0.0,1.8,0.0,0,862.0,1.29,5
7175145165194022145,https://www.tiktok.com/@shawnlemuel/video/7175145165194022145,2022-12-09 21:47:00,133000.0,737.0,51.0,0,31.0,joy,0.998016119003296,2022-12-09,0.0,0.59,14.45,0,862.0,154.11,3
7177332546995326209,https://www.tiktok.com/@shawnlemuel/video/7177332546995326209,2022-12-15 19:16:00,11000.0,18.0,0.0,0,19.08333333333333,love,0.9921167492866516,2022-12-15,0.0,0.16,0.0,0,856.0,12.84,5
7177333114237209857,https://www.tiktok.com/@shawnlemuel/video/7177333114237209857,2022-12-15 19:18:00,1070.0,13.0,0.0,0,17.25,joy,0.9970045685768129,2022-12-15,0.0,1.21,0.0,0,856.0,1.25,5
7177333538893696257,https://www.tiktok.com/@shawnlemuel/video/7177333538893696257,2022-12-15 19:19:00,7128.0,27.0,0.0,0,16.041666666666668,joy,0.9937024116516112,2022-12-15,0.0,0.38,0.0,0,856.0,8.32,5
7177333830083169538,https://www.tiktok.com/@shawnlemuel/video/7177333830083169538,2022-12-15 19:21:00,8010.0,39.0,1.0,0,19.08333333333333,joy,0.9818549156188964,2022-12-15,0.0,0.5,39.0,0,856.0,9.35,5
7177334199152561410,https://www.tiktok.com/@shawnlemuel/video/7177334199152561410,2022-12-15 19:22:00,10000.0,51.0,0.0,0,21.291666666666668,joy,0.9951550960540771,2022-12-15,0.0,0.51,0.0,0,856.0,11.67,5
7177335041473776898,https://www.tiktok.com/@shawnlemuel/video/7177335041473776898,2022-12-15 19:25:00,9033.0,28.0,0.0,0,18.0,joy,0.9976785778999328,2022-12-15,0.0,0.31,0.0,0,856.0,10.54,5
7187026799149272321,https://www.tiktok.com/@shawnlemuel/video/7187026799149272321,2023-01-10 22:14:00,1211.0,19.0,2.0,0,16.458333333333332,anger,0.7324249744415283,2023-01-10,0.0,1.73,9.5,0,830.0,1.46,3
7187038807231843585,https://www.tiktok.com/@shawnlemuel/video/7187038807231843585,2023-01-10 23:01:00,8044.0,3517.0,0.0,0,16.041666666666668,anger,0.682799220085144,2023-01-10,0.0,43.72,0.0,0,829.0,9.69,3
7187039567512407298,https://www.tiktok.com/@shawnlemuel/video/7187039567512407298,2023-01-10 23:04:00,1124.0,8.0,1.0,0,16.041666666666668,anger,0.682799220085144,2023-01-10,0.0,0.8,8.0,0,829.0,1.35,3
7187199370608053506,https://www.tiktok.com/@shawnlemuel/video/7187199370608053506,2023-01-11 09:24:00,1673.0,18.0,1.0,0,16.041666666666668,anger,0.682799220085144,2023-01-11,0.0,1.14,18.0,0,829.0,2.02,3
7187199471984397569,https://www.tiktok.com/@shawnlemuel/video/7187199471984397569,2023-01-11 09:25:00,1068.0,15.0,0.0,0,16.041666666666668,anger,0.682799220085144,2023-01-11,0.0,1.4,0.0,0,829.0,1.29,3
7187199824343665921,https://www.tiktok.com/@shawnlemuel/video/7187199824343665921,2023-01-11 09:26:00,859.0,6.0,1.0,0,16.125,anger,0.7324249744415283,2023-01-11,0.0,0.81,6.0,0,829.0,1.03,3
7189448359256673537,https://www.tiktok.com/@shawnlemuel/video/7189448359256673537,2023-01-17 10:51:00,1092.0,13.0,1.0,0,17.416666666666668,anger,0.2915484607219696,2023-01-17,0.0,1.28,13.0,0,823.0,1.33,3
7189449738373139714,https://www.tiktok.com/@shawnlemuel/video/7189449738373139714,2023-01-17 10:57:00,973.0,12.0,2.0,0,10.75,love,0.706885576248169,2023-01-17,0.0,1.44,6.0,0,823.0,1.18,3
7189450505100332290,https://www.tiktok.com/@shawnlemuel/video/7189450505100332290,2023-01-17 11:00:00,1634.0,15.0,2.0,0,20.0,anger,0.2915484607219696,2023-01-17,0.0,1.04,7.5,0,823.0,1.98,3
7189815988316015873,https://www.tiktok.com/@shawnlemuel/video/7189815988316015873,2023-01-18 10:38:00,1864.0,24.0,2.0,0,20.08333333333333,joy,0.6847269535064697,2023-01-18,0.0,1.39,12.0,0,822.0,2.26,3
7189816688395717889,https://www.tiktok.com/@shawnlemuel/video/7189816688395717889,2023-01-18 10:41:00,1109.0,30.0,2.0,0,17.416666666666668,anger,0.2915484607219696,2023-01-18,0.0,2.89,15.0,0,822.0,1.35,3
7189817319294602497,https://www.tiktok.com/@shawnlemuel/video/7189817319294602497,2023-01-18 10:43:00,12000.0,55.0,0.0,0,11.375,anger,0.2915484607219696,2023-01-18,0.0,0.46,0.0,0,822.0,14.58,3
7190596911848525057,https://www.tiktok.com/@shawnlemuel/video/7190596911848525057,2023-01-20 13:08:00,5296.0,61.0,0.0,0,17.416666666666668,joy,0.9795548319816588,2023-01-20,0.0,1.15,0.0,0,820.0,6.45,3
7190597471419059457,https://www.tiktok.com/@shawnlemuel/video/7190597471419059457,2023-01-20 13:10:00,6788.0,72.0,11.0,0,23.5,joy,0.4386192560195923,2023-01-20,0.0,1.22,6.55,0,820.0,8.27,3
7190648733653110018,https://www.tiktok.com/@shawnlemuel/video/7190648733653110018,2023-01-20 16:29:00,8172.0,44.0,0.0,0,18.95833333333333,joy,0.4495596587657928,2023-01-20,0.0,0.54,0.0,0,820.0,9.95,3
7191048069679566082,https://www.tiktok.com/@shawnlemuel/video/7191048069679566082,2023-01-21 18:19:00,2186.0,18.0,0.0,4,40.54166666666666,joy,0.9988465309143066,2023-01-21,9.87,0.82,0.0,1,819.0,2.67,3
7191048657343499522,https://www.tiktok.com/@shawnlemuel/video/7191048657343499522,2023-01-21 18:21:00,2829.0,25.0,2.0,0,52.75,joy,0.9947645664215088,2023-01-21,0.0,0.95,12.5,1,819.0,3.45,3
7196214999684058370,https://www.tiktok.com/@shawnlemuel/video/7196214999684058370,2023-02-04 18:00:00,36000.0,939.0,12.0,0,17.5,joy,0.9812231063842772,2023-02-04,0.0,2.64,78.25,1,805.0,44.67,1
7196277027140406529,https://www.tiktok.com/@shawnlemuel/video/7196277027140406529,2023-02-04 20:30:00,5104.0,23.0,2.0,4,26.666666666666668,joy,0.9981166124343872,2023-02-04,15.0,0.49,11.5,1,805.0,6.33,1
7201190563683618050,https://www.tiktok.com/@shawnlemuel/video/7201190563683618050,2023-02-18 02:17:00,124000.0,572.0,31.0,0,82.91666666666667,joy,0.9533095955848694,2023-02-18,0.0,0.49,18.45,1,791.0,156.57,3
7201191847509740802,https://www.tiktok.com/@shawnlemuel/video/7201191847509740802,2023-02-18 02:22:00,329.0,5.0,0.0,0,72.625,joy,0.9973449110984802,2023-02-18,0.0,1.52,0.0,1,791.0,0.42,3
7201192471752133890,https://www.tiktok.com/@shawnlemuel/video/7201192471752133890,2023-02-18 02:24:00,10000.0,51.0,3.0,0,48.5,joy,0.995148241519928,2023-02-18,0.0,0.54,17.0,1,791.0,12.63,3
7201399254429043970,https://www.tiktok.com/@shawnlemuel/video/7201399254429043970,2023-02-18 15:47:00,1076.0,8.0,1.0,0,23.875,fear,0.6304364204406738,2023-02-18,0.0,0.84,8.0,1,791.0,1.36,1
7201401678686407938,https://www.tiktok.com/@shawnlemuel/video/7201401678686407938,2023-02-18 15:56:00,846.0,7.0,0.0,0,15.041666666666666,anger,0.3206901550292969,2023-02-18,0.0,0.83,0.0,1,791.0,1.07,1
7201403718405803265,https://www.tiktok.com/@shawnlemuel/video/7201403718405803265,2023-02-18 16:04:00,6398.0,61.0,2.0,0,27.666666666666668,joy,0.9398641586303712,2023-02-18,0.0,0.98,30.5,1,791.0,8.08,1
7202489611128491265,https://www.tiktok.com/@shawnlemuel/video/7202489611128491265,2023-02-21 14:18:00,5326.0,21.0,0.0,0,9.233333333333333,joy,0.948688805103302,2023-02-21,0.0,0.39,0.0,0,788.0,6.75,3
7202490303096409345,https://www.tiktok.com/@shawnlemuel/video/7202490303096409345,2023-02-21 14:20:00,19000.0,19.0,4.0,0,15.1,anger,0.9693331122398376,2023-02-21,0.0,0.12,4.75,0,788.0,24.08,3
7203001918157753606,https://www.tiktok.com/@shawnlemuel/video/7203001918157753606,2023-02-22 23:26:00,4243.0,41.0,0.0,2,13.333333333333334,surprise,0.9890924692153932,2023-02-22,15.0,0.97,0.0,0,786.0,5.39,1
7203262519572466949,https://www.tiktok.com/@shawnlemuel/video/7203262519572466949,2023-02-23 16:17:00,1313.0,19.0,0.0,1,40.7,joy,0.9830588102340698,2023-02-23,2.46,1.45,0.0,0,786.0,1.67,3
7203514031196359941,https://www.tiktok.com/@shawnlemuel/video/7203514031196359941,2023-02-24 08:33:00,3938.0,44.0,0.0,1,49.3,joy,0.8943074941635132,2023-02-24,2.03,1.12,0.0,0,785.0,5.01,3
7203885239423323394,https://www.tiktok.com/@shawnlemuel/video/7203885239423323394,2023-02-25 08:34:00,1941.0,40.0,0.0,0,25.33333333333333,fear,0.6336644291877747,2023-02-25,0.0,2.06,0.0,1,784.0,2.47,3
7203963702637317378,https://www.tiktok.com/@shawnlemuel/video/7203963702637317378,2023-02-25 13:38:00,3862.0,46.0,1.0,2,42.0,joy,0.9198436737060548,2023-02-25,4.76,1.22,46.0,1,784.0,4.92,3
7204248636753038594,https://www.tiktok.com/@shawnlemuel/video/7204248636753038594,2023-02-26 08:04:00,1357.0,12.0,0.0,0,23.83333333333333,joy,0.9963724613189696,2023-02-26,0.0,0.88,0.0,1,783.0,1.73,3
7204684645579934978,https://www.tiktok.com/@shawnlemuel/video/7204684645579934978,2023-02-27 12:16:00,1857.0,30.0,1.0,0,52.23333333333333,joy,0.995400369167328,2023-02-27,0.0,1.67,30.0,0,782.0,2.37,3
7204856731111836930,https://www.tiktok.com/@shawnlemuel/video/7204856731111836930,2023-02-27 23:23:00,4797.0,37.0,5.0,4,45.04166666666666,joy,0.9826976656913756,2023-02-27,8.88,0.88,7.4,0,781.0,6.13,3
7205033908348439810,https://www.tiktok.com/@shawnlemuel/video/7205033908348439810,2023-02-28 10:51:00,1578.0,10.0,1.0,0,21.4,joy,0.998863935470581,2023-02-28,0.0,0.7,10.0,0,781.0,2.02,3
7206320180543196417,https://www.tiktok.com/@shawnlemuel/video/7206320180543196417,2023-03-03 22:02:00,4205.0,30.0,2.0,0,49.66666666666666,joy,0.9948663711547852,2023-03-03,0.0,0.76,15.0,0,778.0,5.4,3
7208188919282732289,https://www.tiktok.com/@shawnlemuel/video/7208188919282732289,2023-03-08 22:54:00,1313.0,51.0,8.0,24,61.625,joy,0.790648877620697,2023-03-08,38.95,4.49,6.38,0,772.0,1.7,1
7210391508132973826,https://www.tiktok.com/@shawnlemuel/video/7210391508132973826,2023-03-14 21:26:00,2419.0,64.0,3.0,0,17.566666666666666,joy,0.9943346977233888,2023-03-14,0.0,2.77,21.33,0,767.0,3.15,7
7210392113282813185,https://www.tiktok.com/@shawnlemuel/video/7210392113282813185,2023-03-16 09:00:00,1861.0,31.0,1.0,0,20.53333333333333,joy,0.5034953951835632,2023-03-16,0.0,1.72,31.0,0,765.0,2.43,7
7210392213061111042,https://www.tiktok.com/@shawnlemuel/video/7210392213061111042,2023-03-15 09:00:00,867.0,29.0,0.0,0,12.266666666666667,joy,0.988593578338623,2023-03-15,0.0,3.34,0.0,0,766.0,1.13,7
7210392666918489346,https://www.tiktok.com/@shawnlemuel/video/7210392666918489346,2023-03-17 09:00:00,894.0,62.0,0.0,0,22.03333333333333,sadness,0.9968504309654236,2023-03-17,0.0,6.94,0.0,0,764.0,1.17,7
7210392749869108482,https://www.tiktok.com/@shawnlemuel/video/7210392749869108482,2023-03-18 09:00:00,1335.0,70.0,0.0,14,36.1,joy,0.9880470037460328,2023-03-18,38.78,5.24,0.0,1,763.0,1.75,7
7210393672888651010,https://www.tiktok.com/@shawnlemuel/video/7210393672888651010,2023-03-20 09:00:00,861.0,45.0,0.0,0,16.5,joy,0.9944180250167848,2023-03-20,0.0,5.23,0.0,0,761.0,1.13,7
7210393704878591233,https://www.tiktok.com/@shawnlemuel/video/7210393704878591233,2023-03-19 09:00:00,878.0,18.0,0.0,0,20.366666666666667,joy,0.9971554279327391,2023-03-19,0.0,2.05,0.0,1,762.0,1.15,7
7210393884797472001,https://www.tiktok.com/@shawnlemuel/video/7210393884797472001,2023-03-22 09:00:00,965.0,14.0,0.0,0,12.333333333333334,anger,0.4372313916683197,2023-03-22,0.0,1.45,0.0,0,759.0,1.27,7
7210393894477942017,https://www.tiktok.com/@shawnlemuel/video/7210393894477942017,2023-03-21 09:00:00,906.0,34.0,2.0,0,13.633333333333333,anger,0.8254105448722839,2023-03-21,0.0,3.97,17.0,0,760.0,1.19,7
7210421145839865089,https://www.tiktok.com/@shawnlemuel/video/7210421145839865089,2023-03-23 09:00:00,1373.0,15.0,0.0,2,18.03333333333333,anger,0.538748025894165,2023-03-23,11.09,1.09,0.0,0,758.0,1.81,7
7291305409409731847,https://www.tiktok.com/@shawnlemuel/video/7291305409409731847,2023-10-18 22:28:00,1131.0,24.0,0.0,2,25.1,joy,0.9898352026939392,2023-10-18,7.97,2.12,0.0,0,549.0,2.06,1
7304128036763454738,https://www.tiktok.com/@shawnlemuel/video/7304128036763454738,2023-11-22 11:47:00,179000.0,3688.0,54.0,12,61.3,anger,0.9581674933433532,2023-11-22,19.58,2.09,68.3,0,514.0,347.57,1
7304439956091555079,https://www.tiktok.com/@shawnlemuel/video/7304439956091555079,2023-11-23 07:57:00,712.0,5.0,0.0,0,24.566666666666663,anger,0.964721977710724,2023-11-23,0.0,0.7,0.0,0,513.0,1.39,7
7305182109621095688,https://www.tiktok.com/@shawnlemuel/video/7305182109621095688,2023-11-25 07:57:00,2094.0,30.0,2.0,0,24.866666666666667,fear,0.7045538425445557,2023-11-25,0.0,1.53,15.0,1,511.0,4.09,7
7305597242143001864,https://www.tiktok.com/@shawnlemuel/video/7305597242143001864,2023-11-26 10:48:00,919.0,10.0,0.0,2,33.333333333333336,joy,0.998601734638214,2023-11-26,6.0,1.09,0.0,1,510.0,1.8,7
7306031582031203591,https://www.tiktok.com/@shawnlemuel/video/7306031582031203591,2023-11-27 14:54:00,2406.0,33.0,2.0,0,52.4,joy,0.9913783073425292,2023-11-27,0.0,1.45,16.5,0,509.0,4.72,7
7306307776857263367,https://www.tiktok.com/@shawnlemuel/video/7306307776857263367,2023-11-28 08:45:00,2678.0,20.0,0.0,0,20.33333333333333,anger,0.713493824005127,2023-11-28,0.0,0.75,0.0,0,508.0,5.26,7
7309435811395603719,https://www.tiktok.com/@shawnlemuel/video/7309435811395603719,2023-12-06 19:04:00,2748.0,13.0,1.0,0,20.03333333333333,anger,0.2915484607219696,2023-12-06,0.0,0.51,13.0,0,500.0,5.49,1
7316794491564723474,https://www.tiktok.com/@shawnlemuel/video/7316794491564723474,2023-12-26 14:59:00,761.0,13.0,0.0,0,176.7,joy,0.990961253643036,2023-12-26,0.0,1.71,0.0,0,480.0,1.58,1
7317200881672310024,https://www.tiktok.com/@shawnlemuel/video/7317200881672310024,2023-12-27 17:16:00,837.0,26.0,0.0,0,195.16666666666663,joy,0.9074983596801758,2023-12-27,0.0,3.11,0.0,0,479.0,1.74,1
7318551264571165970,https://www.tiktok.com/@shawnlemuel/video/7318551264571165970,2023-12-31 08:37:00,792.0,39.0,2.0,0,189.53333333333333,joy,0.932820439338684,2023-12-31,0.0,5.18,19.5,1,475.0,1.66,1
7319648061645393160,https://www.tiktok.com/@shawnlemuel/video/7319648061645393160,2024-01-03 07:33:00,772.0,16.0,0.0,0,104.46666666666668,joy,0.962110996246338,2024-01-03,0.0,2.07,0.0,0,472.0,1.63,1
7328310726412602626,https://www.tiktok.com/@shawnlemuel/video/7328310726412602626,2024-01-26 15:48:00,306.0,4.0,0.0,0,54.46666666666667,joy,0.8879739046096802,2024-01-26,0.0,1.31,0.0,0,449.0,0.68,1
7328311254072757505,https://www.tiktok.com/@shawnlemuel/video/7328311254072757505,2024-01-27 15:00:00,803.0,9.0,0.0,0,111.03333333333332,anger,0.8851873278617859,2024-01-27,0.0,1.12,0.0,1,448.0,1.79,1
7328316502317321474,https://www.tiktok.com/@shawnlemuel/video/7328316502317321474,2024-01-28 15:00:00,1013.0,7.0,0.0,0,28.23333333333333,joy,0.9264217615127563,2024-01-28,0.0,0.69,0.0,1,447.0,2.26,1
7329708586005794055,https://www.tiktok.com/@shawnlemuel/video/7329708586005794055,2024-01-30 10:12:00,13000.0,59.0,4.0,22,78.9,joy,0.9904845952987672,2024-01-30,27.88,0.48,14.75,0,445.0,29.15,1
7330048203062103303,https://www.tiktok.com/@shawnlemuel/video/7330048203062103303,2024-01-31 08:11:00,14000.0,71.0,0.0,27,109.33333333333331,surprise,0.8424870371818542,2024-01-31,24.7,0.51,0.0,0,444.0,31.46,1
7330154904553590023,https://www.tiktok.com/@shawnlemuel/video/7330154904553590023,2024-01-31 15:04:00,1378.0,50.0,4.0,17,101.5,joy,0.9961887001991272,2024-01-31,16.75,3.92,12.5,0,444.0,3.1,1
7330896197084777736,https://www.tiktok.com/@shawnlemuel/video/7330896197084777736,2024-02-02 15:01:00,890.0,15.0,0.0,0,51.833333333333336,joy,0.8824878931045532,2024-02-02,0.0,1.69,0.0,0,442.0,2.01,1
7331258705482239240,https://www.tiktok.com/@shawnlemuel/video/7331258705482239240,2024-02-03 14:28:00,933.0,15.0,0.0,0,32.13333333333333,joy,0.9979494214057922,2024-02-03,0.0,1.61,0.0,1,441.0,2.11,1
7338441045715258642,https://www.tiktok.com/@shawnlemuel/video/7338441045715258642,2024-02-22 22:59:00,999.0,23.0,0.0,96,173.03333333333333,joy,0.9972063899040222,2024-02-22,55.48,2.3,0.0,0,421.0,2.37,1
7339800242264558855,https://www.tiktok.com/@shawnlemuel/video/7339800242264558855,2024-02-26 14:53:00,1002.0,21.0,2.0,6,192.6,joy,0.9883508682250975,2024-02-26,3.12,2.3,10.5,0,418.0,2.39,1
7341300763496385799,https://www.tiktok.com/@shawnlemuel/video/7341300763496385799,2024-03-01 15:56:00,1042.0,15.0,4.0,0,54.9,joy,0.9983004927635192,2024-03-01,0.0,1.82,3.75,0,414.0,2.51,1
7365734322214620423,https://www.tiktok.com/@shawnlemuel/video/7365734322214620423,2024-05-06 12:11:00,2590.0,52.0,3.0,0,102.3,love,0.9841593503952026,2024-05-06,0.0,2.12,17.33,0,348.0,7.42,1
7366618007398911250,https://www.tiktok.com/@shawnlemuel/video/7366618007398911250,2024-05-08 21:20:00,925.0,38.0,1.0,0,96.33333333333331,joy,0.9620288610458374,2024-05-08,0.0,4.22,38.0,0,346.0,2.67,1
7366872740998958343,https://www.tiktok.com/@shawnlemuel/video/7366872740998958343,2024-05-09 13:48:00,822.0,45.0,2.0,0,61.833333333333336,joy,0.9315521717071532,2024-05-09,0.0,5.72,22.5,0,345.0,2.38,1
7367152803703229714,https://www.tiktok.com/@shawnlemuel/video/7367152803703229714,2024-05-10 07:55:00,19000.0,308.0,22.0,0,104.23333333333332,joy,0.956518828868866,2024-05-10,0.0,1.74,14.0,0,344.0,55.07,3
7367963716974841106,https://www.tiktok.com/@shawnlemuel/video/7367963716974841106,2024-05-12 12:22:00,971.0,44.0,2.0,2,81.46666666666667,joy,0.9910309314727784,2024-05-12,2.45,4.74,22.0,1,342.0,2.83,1
7368031574178286855,https://www.tiktok.com/@shawnlemuel/video/7368031574178286855,2024-05-12 16:45:00,863.0,40.0,4.0,2,129.26666666666668,joy,0.8439580798149109,2024-05-12,1.55,5.1,10.0,1,342.0,2.52,3
7368326816966167815,https://www.tiktok.com/@shawnlemuel/video/7368326816966167815,2024-05-13 11:51:00,1865.0,38.0,0.0,4,75.4,joy,0.6001436710357666,2024-05-13,5.31,2.04,0.0,0,341.0,5.45,1
7368705355599072530,https://www.tiktok.com/@shawnlemuel/video/7368705355599072530,2024-05-14 12:20:00,52000.0,1822.0,2.0,0,48.0,joy,0.9867885112762452,2024-05-14,0.0,3.51,911.0,0,340.0,152.49,1
7369081164159569170,https://www.tiktok.com/@shawnlemuel/video/7369081164159569170,2024-05-15 12:38:00,952.0,55.0,0.0,2,73.06666666666666,joy,0.9919712543487548,2024-05-15,2.74,5.78,0.0,0,339.0,2.8,1
7369449621417970951,https://www.tiktok.com/@shawnlemuel/video/7369449621417970951,2024-05-16 12:28:00,974.0,39.0,5.0,1,60.16666666666666,anger,0.6480485200881958,2024-05-16,1.66,4.52,7.8,0,338.0,2.87,1
7369812551099632904,https://www.tiktok.com/@shawnlemuel/video/7369812551099632904,2024-05-17 11:56:00,9744.0,272.0,6.0,1,19.9,joy,0.9990168809890748,2024-05-17,5.03,2.85,45.33,0,337.0,28.83,0
7370273216553700626,https://www.tiktok.com/@shawnlemuel/video/7370273216553700626,2024-05-18 17:44:00,4077.0,55.0,6.0,1,27.7,joy,0.8796731233596802,2024-05-18,3.61,1.5,9.17,1,336.0,12.1,7
7371032204476042503,https://www.tiktok.com/@shawnlemuel/video/7371032204476042503,2024-05-20 18:49:00,1044.0,32.0,2.0,0,36.23333333333333,joy,0.9943090677261353,2024-05-20,0.0,3.26,16.0,0,334.0,3.12,0
7371301475047329032,https://www.tiktok.com/@shawnlemuel/video/7371301475047329032,2024-05-21 12:14:00,3914.0,71.0,5.0,2,27.3,joy,0.961928129196167,2024-05-21,7.33,1.94,14.2,0,333.0,11.72,7
7371653025846349074,https://www.tiktok.com/@shawnlemuel/video/7371653025846349074,2024-05-22 10:58:00,2803.0,71.0,1.0,27,62.3,joy,0.9777807593345642,2024-05-22,43.34,2.57,71.0,0,332.0,8.42,7
7372098649326636306,https://www.tiktok.com/@shawnlemuel/video/7372098649326636306,2024-05-23 15:47:00,1322.0,45.0,0.0,3,56.13333333333333,joy,0.9737399220466614,2024-05-23,5.34,3.4,0.0,0,331.0,3.98,3
7372413130183314696,https://www.tiktok.com/@shawnlemuel/video/7372413130183314696,2024-05-24 12:08:00,1326.0,43.0,2.0,1,87.4,joy,0.9980721473693848,2024-05-24,1.14,3.39,21.5,0,330.0,4.01,7
7372466027113794823,https://www.tiktok.com/@shawnlemuel/video/7372466027113794823,2024-05-24 15:33:00,1037.0,42.0,0.0,2,68.93333333333334,joy,0.997599184513092,2024-05-24,2.9,4.05,0.0,0,330.0,3.13,7
7372726354099309832,https://www.tiktok.com/@shawnlemuel/video/7372726354099309832,2024-05-25 08:23:00,1541.0,47.0,2.0,5,50.56666666666667,anger,0.5176287889480591,2024-05-25,9.89,3.18,23.5,1,329.0,4.67,7
7373139888423587090,https://www.tiktok.com/@shawnlemuel/video/7373139888423587090,2024-05-26 11:08:00,35000.0,506.0,11.0,0,10.533333333333331,fear,0.7752196788787842,2024-05-26,0.0,1.48,46.0,1,328.0,106.38,7
7373529463235022087,https://www.tiktok.com/@shawnlemuel/video/7373529463235022087,2024-05-27 12:20:00,1530.0,29.0,11.0,0,14.033333333333331,joy,0.4417456686496734,2024-05-27,0.0,2.61,2.64,0,327.0,4.66,7
7373907392284642567,https://www.tiktok.com/@shawnlemuel/video/7373907392284642567,2024-05-28 12:46:00,4958.0,62.0,1.0,0,17.533333333333335,joy,0.8360300660133362,2024-05-28,0.0,1.27,62.0,0,326.0,15.16,7
7374272951681600786,https://www.tiktok.com/@shawnlemuel/video/7374272951681600786,2024-05-29 12:25:00,1658.0,45.0,2.0,0,9.266666666666667,anger,0.2915484607219696,2024-05-29,0.0,2.83,22.5,0,325.0,5.09,7
7374598412810915079,https://www.tiktok.com/@shawnlemuel/video/7374598412810915079,2024-05-30 09:28:00,1340.0,44.0,2.0,0,10.6,joy,0.998200297355652,2024-05-30,0.0,3.43,22.0,0,324.0,4.12,7
7375013583639366920,https://www.tiktok.com/@shawnlemuel/video/7375013583639366920,2024-05-31 12:19:00,1515.0,35.0,0.0,0,49.06666666666667,joy,0.98790180683136,2024-05-31,0.0,2.31,0.0,0,323.0,4.68,7
7375326301042904338,https://www.tiktok.com/@shawnlemuel/video/7375326301042904338,2024-06-01 08:33:00,1523.0,37.0,0.0,0,10.633333333333333,joy,0.9988585710525512,2024-06-01,0.0,2.43,0.0,1,322.0,4.72,1
7375761669374397703,https://www.tiktok.com/@shawnlemuel/video/7375761669374397703,2024-06-02 12:42:00,969.0,40.0,5.0,0,84.9,joy,0.9599329233169556,2024-06-02,0.0,4.64,8.0,1,321.0,3.01,7
7376128672220155154,https://www.tiktok.com/@shawnlemuel/video/7376128672220155154,2024-06-03 12:26:00,41000.0,599.0,66.0,0,17.433333333333334,joy,0.9662962555885316,2024-06-03,0.0,1.62,9.08,0,320.0,127.73,7
7376501331453906194,https://www.tiktok.com/@shawnlemuel/video/7376501331453906194,2024-06-04 12:32:00,838.0,35.0,9.0,6,111.63333333333334,joy,0.9410757422447203,2024-06-04,5.37,5.25,3.89,0,319.0,2.62,7
7376798205268200722,https://www.tiktok.com/@shawnlemuel/video/7376798205268200722,2024-06-05 07:44:00,1228.0,32.0,3.0,1,11.4,joy,0.9958578944206238,2024-06-05,8.77,2.85,10.67,0,318.0,3.85,7
7377292918182137096,https://www.tiktok.com/@shawnlemuel/video/7377292918182137096,2024-06-06 15:44:00,885.0,24.0,0.0,0,83.0,joy,0.9955732822418212,2024-06-06,0.0,2.71,0.0,0,317.0,2.78,1
7377614223679048978,https://www.tiktok.com/@shawnlemuel/video/7377614223679048978,2024-06-07 12:31:00,959.0,41.0,0.0,0,30.8,joy,0.9806625247001648,2024-06-07,0.0,4.28,0.0,0,316.0,3.03,1
7378745248480070920,https://www.tiktok.com/@shawnlemuel/video/7378745248480070920,2024-06-10 13:40:00,967.0,27.0,4.0,0,86.3,joy,0.8316867351531982,2024-06-10,0.0,3.21,6.75,0,313.0,3.08,1
7379098424739777800,https://www.tiktok.com/@shawnlemuel/video/7379098424739777800,2024-06-11 12:30:00,1139.0,33.0,2.0,0,28.633333333333333,anger,0.2915484607219696,2024-06-11,0.0,3.07,16.5,0,312.0,3.64,1
7379462164207127826,https://www.tiktok.com/@shawnlemuel/video/7379462164207127826,2024-06-12 12:02:00,901.0,33.0,0.0,0,44.96666666666667,joy,0.9365938305854796,2024-06-12,0.0,3.66,0.0,0,311.0,2.89,1
7379815073314819335,https://www.tiktok.com/@shawnlemuel/video/7379815073314819335,2024-06-13 10:51:00,955.0,47.0,5.0,1,22.566666666666663,anger,0.6047672033309937,2024-06-13,4.43,5.45,9.4,0,310.0,3.07,1
7379948911575715079,https://www.tiktok.com/@shawnlemuel/video/7379948911575715079,2024-06-13 19:31:00,942.0,25.0,1.0,0,24.5,joy,0.9532775282859802,2024-06-13,0.0,2.76,25.0,0,310.0,3.03,1
7380204057333402898,https://www.tiktok.com/@shawnlemuel/video/7380204057333402898,2024-06-14 12:01:00,969.0,36.0,2.0,2,79.06666666666666,joy,0.9149854779243468,2024-06-14,2.53,3.92,18.0,0,309.0,3.13,1
7380646123830136082,https://www.tiktok.com/@shawnlemuel/video/7380646123830136082,2024-06-15 16:36:00,937.0,27.0,1.0,18,277.0,joy,0.9920405745506288,2024-06-15,6.5,2.99,27.0,1,308.0,3.03,1
7381102153315749138,https://www.tiktok.com/@shawnlemuel/video/7381102153315749138,2024-06-16 22:06:00,941.0,44.0,1.0,3,76.1,joy,0.9802671670913696,2024-06-16,3.94,4.78,44.0,1,307.0,3.06,1
7381291984780152082,https://www.tiktok.com/@shawnlemuel/video/7381291984780152082,2024-06-17 10:22:00,1287.0,33.0,1.0,3,89.16666666666667,joy,0.9767441749572754,2024-06-17,3.36,2.64,33.0,0,306.0,4.19,3
7381755979660119314,https://www.tiktok.com/@shawnlemuel/video/7381755979660119314,2024-06-18 16:23:00,1643.0,27.0,1.0,0,19.23333333333333,joy,0.7790511250495911,2024-06-18,0.0,1.7,27.0,0,305.0,5.37,7
7382063529609792776,https://www.tiktok.com/@shawnlemuel/video/7382063529609792776,2024-06-19 12:16:00,1264.0,56.0,2.0,0,49.4,joy,0.9789180159568788,2024-06-19,0.0,4.59,28.0,0,304.0,4.14,1
7382769408814353671,https://www.tiktok.com/@shawnlemuel/video/7382769408814353671,2024-06-21 09:55:00,2357.0,57.0,4.0,0,66.2,anger,0.5686886310577393,2024-06-21,0.0,2.59,14.25,0,302.0,7.78,1
7383158745724964114,https://www.tiktok.com/@shawnlemuel/video/7383158745724964114,2024-06-22 11:06:00,12000.0,177.0,2.0,0,54.03333333333334,anger,0.8173443675041199,2024-06-22,0.0,1.49,88.5,1,301.0,39.74,1
7383502975563468039,https://www.tiktok.com/@shawnlemuel/video/7383502975563468039,2024-06-23 09:22:00,1466.0,62.0,14.0,0,68.5,surprise,0.8730977773666382,2024-06-23,0.0,5.18,4.43,1,300.0,4.87,1
7383930303481384210,https://www.tiktok.com/@shawnlemuel/video/7383930303481384210,2024-06-24 13:00:00,13000.0,323.0,13.0,0,72.5,joy,0.9800199270248412,2024-06-24,0.0,2.58,24.85,0,299.0,43.33,1
7384124178527522055,https://www.tiktok.com/@shawnlemuel/video/7384124178527522055,2024-06-25 01:33:00,34000.0,1163.0,99.0,0,85.63333333333334,joy,0.9817745685577391,2024-06-25,0.0,3.71,11.75,0,298.0,113.71,3
7385067410295901458,https://www.tiktok.com/@shawnlemuel/video/7385067410295901458,2024-06-27 14:33:00,951.0,35.0,5.0,0,22.666666666666668,anger,0.2915484607219696,2024-06-27,0.0,4.21,7.0,0,296.0,3.2,3
7386890517058981138,https://www.tiktok.com/@shawnlemuel/video/7386890517058981138,2024-07-02 12:27:00,792.0,25.0,5.0,3,149.3,love,0.8221452832221985,2024-07-02,2.01,3.79,5.0,0,291.0,2.71,1
7386983965166456071,https://www.tiktok.com/@shawnlemuel/video/7386983965166456071,2024-07-02 18:30:00,2979.0,58.0,9.0,0,95.63333333333334,joy,0.7789989113807678,2024-07-02,0.0,2.25,6.44,0,291.0,10.2,1
7387745924467920135,https://www.tiktok.com/@shawnlemuel/video/7387745924467920135,2024-07-04 19:47:00,877.0,46.0,4.0,0,66.66666666666667,joy,0.9464676380157472,2024-07-04,0.0,5.7,11.5,0,289.0,3.02,1
7387936571661618439,https://www.tiktok.com/@shawnlemuel/video/7387936571661618439,2024-07-05 08:07:00,1181.0,45.0,3.0,0,51.6,joy,0.9440992474555968,2024-07-05,0.0,4.06,15.0,0,288.0,4.09,1
7388513340202667272,https://www.tiktok.com/@shawnlemuel/video/7388513340202667272,2024-07-06 21:25:00,835.0,28.0,5.0,0,78.6,joy,0.9987218976020812,2024-07-06,0.0,3.95,5.6,1,287.0,2.9,1
7389307364605709576,https://www.tiktok.com/@shawnlemuel/video/7389307364605709576,2024-07-09 00:46:00,985.0,38.0,5.0,0,45.3,joy,0.9758131504058838,2024-07-09,0.0,4.37,7.6,0,284.0,3.46,1
7391042367375019271,https://www.tiktok.com/@shawnlemuel/video/7391042367375019271,2024-07-13 16:59:00,3535.0,43.0,20.0,0,79.86666666666666,joy,0.9963822364807128,2024-07-13,0.0,1.78,2.15,1,280.0,12.58,1
7391296268007509255,https://www.tiktok.com/@shawnlemuel/video/7391296268007509255,2024-07-14 09:24:00,1414.0,35.0,1.0,0,75.2,love,0.9931393265724182,2024-07-14,0.0,2.55,35.0,1,279.0,5.05,1
7392030016244075783,https://www.tiktok.com/@shawnlemuel/video/7392030016244075783,2024-07-16 08:51:00,833.0,22.0,6.0,0,119.96666666666668,love,0.8398969173431396,2024-07-16,0.0,3.36,3.67,0,277.0,3.0,1
7393640004238511378,https://www.tiktok.com/@shawnlemuel/video/7393640004238511378,2024-07-20 16:59:00,1014.0,28.0,6.0,1,16.533333333333335,anger,0.7000745534896851,2024-07-20,6.05,3.35,4.67,1,273.0,3.7,1
7395241151915199751,https://www.tiktok.com/@shawnlemuel/video/7395241151915199751,2024-07-25 00:32:00,3649.0,56.0,8.0,3,41.03333333333333,anger,0.4259589910507202,2024-07-25,7.31,1.75,7.0,0,268.0,13.57,1
7395951013913496850,https://www.tiktok.com/@shawnlemuel/video/7395951013913496850,2024-07-26 22:27:00,877.0,17.0,6.0,0,20.766666666666666,joy,0.9713942408561708,2024-07-26,0.0,2.62,2.83,0,267.0,3.27,1
7396299894266367239,https://www.tiktok.com/@shawnlemuel/video/7396299894266367239,2024-07-27 21:01:00,938.0,38.0,2.0,0,9.066666666666666,anger,0.2915484607219696,2024-07-27,0.0,4.26,19.0,1,266.0,3.51,1
7396690112400149778,https://www.tiktok.com/@shawnlemuel/video/7396690112400149778,2024-07-28 22:15:00,867.0,27.0,5.0,3,55.23333333333333,love,0.709669291973114,2024-07-28,5.43,3.69,5.4,1,265.0,3.26,1
7398097291506126085,https://www.tiktok.com/@shawnlemuel/video/7398097291506126085,2024-08-01 17:15:00,811.0,21.0,1.0,4,86.03333333333333,joy,0.9973223805427552,2024-08-01,4.65,2.71,21.0,0,261.0,3.1,3
7398162489315265810,https://www.tiktok.com/@shawnlemuel/video/7398162489315265810,2024-08-01 21:28:00,829.0,17.0,1.0,0,60.4,joy,0.9009621143341064,2024-08-01,0.0,2.17,17.0,0,261.0,3.16,1
7398769787419020562,https://www.tiktok.com/@shawnlemuel/video/7398769787419020562,2024-08-03 12:45:00,711.0,13.0,3.0,0,115.0,anger,0.342388242483139,2024-08-03,0.0,2.25,4.33,1,259.0,2.73,3
7398812045971377415,https://www.tiktok.com/@shawnlemuel/video/7398812045971377415,2024-08-03 15:29:00,796.0,21.0,1.0,0,18.5,joy,0.6860295534133911,2024-08-03,0.0,2.76,21.0,1,259.0,3.06,3
7399087623559548168,https://www.tiktok.com/@shawnlemuel/video/7399087623559548168,2024-08-04 09:18:00,16000.0,125.0,12.0,0,12.8,joy,0.5585554242134094,2024-08-04,0.0,0.86,10.42,1,258.0,61.78,3
7399507923925306642,https://www.tiktok.com/@shawnlemuel/video/7399507923925306642,2024-08-05 12:29:00,2229.0,38.0,0.0,0,10.833333333333334,anger,0.2915484607219696,2024-08-05,0.0,1.7,0.0,0,257.0,8.64,3
7399627436884839687,https://www.tiktok.com/@shawnlemuel/video/7399627436884839687,2024-08-05 20:13:00,1539.0,38.0,4.0,0,11.8,joy,0.9884212017059326,2024-08-05,0.0,2.73,9.5,0,257.0,5.97,3
7400023355547602184,https://www.tiktok.com/@shawnlemuel/video/7400023355547602184,2024-08-06 21:50:00,1747.0,30.0,4.0,0,14.033333333333331,anger,0.9458214640617372,2024-08-06,0.0,1.95,7.5,0,256.0,6.8,3
7400240222455287047,https://www.tiktok.com/@shawnlemuel/video/7400240222455287047,2024-08-07 11:51:00,967.0,38.0,2.0,0,40.93333333333333,joy,0.9931422472000122,2024-08-07,0.0,4.14,19.0,0,255.0,3.78,3
7400622969820613896,https://www.tiktok.com/@shawnlemuel/video/7400622969820613896,2024-08-08 12:36:00,13000.0,83.0,6.0,0,12.833333333333334,anger,0.3894073367118835,2024-08-08,0.0,0.68,13.83,0,254.0,50.98,3
7400934066125573383,https://www.tiktok.com/@shawnlemuel/video/7400934066125573383,2024-08-09 08:44:00,975.0,25.0,0.0,1,11.266666666666667,joy,0.5111968517303467,2024-08-09,8.88,2.56,0.0,0,253.0,3.84,1
7401319797587266824,https://www.tiktok.com/@shawnlemuel/video/7401319797587266824,2024-08-10 09:40:00,924.0,34.0,2.0,2,11.4,anger,0.4214789271354675,2024-08-10,17.54,3.9,17.0,1,252.0,3.65,3
7401433371362037000,https://www.tiktok.com/@shawnlemuel/video/7401433371362037000,2024-08-10 17:01:00,934.0,19.0,0.0,0,25.53333333333333,joy,0.9348517656326294,2024-08-10,0.0,2.03,0.0,1,252.0,3.69,3
7401501128027901191,https://www.tiktok.com/@shawnlemuel/video/7401501128027901191,2024-08-10 21:24:00,1151.0,35.0,1.0,0,18.53333333333333,joy,0.9973978996276855,2024-08-10,0.0,3.13,35.0,1,252.0,4.55,3
7401745230317309192,https://www.tiktok.com/@shawnlemuel/video/7401745230317309192,2024-08-11 13:11:00,920.0,19.0,0.0,0,16.2,anger,0.4214789271354675,2024-08-11,0.0,2.07,0.0,1,251.0,3.65,1
7402088787507023122,https://www.tiktok.com/@shawnlemuel/video/7402088787507023122,2024-08-12 11:25:00,853.0,28.0,1.0,0,61.7,love,0.7684773206710815,2024-08-12,0.0,3.4,28.0,0,250.0,3.4,1
7402279115220421896,https://www.tiktok.com/@shawnlemuel/video/7402279115220421896,2024-08-12 23:43:00,1027.0,34.0,4.0,3,57.266666666666666,joy,0.6891445517539978,2024-08-12,5.24,3.7,8.5,0,249.0,4.11,3
7402564216185539848,https://www.tiktok.com/@shawnlemuel/video/7402564216185539848,2024-08-13 18:09:00,1086.0,35.0,7.0,0,49.8,joy,0.9928014278411864,2024-08-13,0.0,3.87,5.0,0,249.0,4.34,1
7402839306651421960,https://www.tiktok.com/@shawnlemuel/video/7402839306651421960,2024-08-14 11:57:00,733.0,21.0,0.0,0,58.53333333333333,joy,0.75210040807724,2024-08-14,0.0,2.86,0.0,0,248.0,2.94,3
7403216278124530952,https://www.tiktok.com/@shawnlemuel/video/7403216278124530952,2024-08-15 12:20:00,182000.0,3236.0,146.0,6,52.6,joy,0.9839525818824768,2024-08-15,11.41,1.86,22.16,0,247.0,733.87,3
7403347322647612690,https://www.tiktok.com/@shawnlemuel/video/7403347322647612690,2024-08-15 20:48:00,910.0,18.0,1.0,5,67.3,anger,0.964545488357544,2024-08-15,7.43,2.09,18.0,0,247.0,3.67,3
7403586584643144967,https://www.tiktok.com/@shawnlemuel/video/7403586584643144967,2024-08-16 12:17:00,1602.0,39.0,1.0,1,58.93333333333333,anger,0.687313973903656,2024-08-16,1.7,2.5,39.0,0,246.0,6.49,1
7403695675776716039,https://www.tiktok.com/@shawnlemuel/video/7403695675776716039,2024-08-16 19:20:00,990.0,22.0,1.0,1,43.66666666666666,joy,0.9985296726226808,2024-08-16,2.29,2.32,22.0,0,246.0,4.01,3
7403764320053644552,https://www.tiktok.com/@shawnlemuel/video/7403764320053644552,2024-08-16 23:46:00,948.0,28.0,6.0,0,17.166666666666668,anger,0.2915484607219696,2024-08-16,0.0,3.59,4.67,0,245.0,3.85,3
7403972690916281608,https://www.tiktok.com/@shawnlemuel/video/7403972690916281608,2024-08-17 13:15:00,887.0,24.0,0.0,0,45.23333333333333,joy,0.7113946080207825,2024-08-17,0.0,2.71,0.0,1,245.0,3.61,3
7404051745141296391,https://www.tiktok.com/@shawnlemuel/video/7404051745141296391,2024-08-17 18:22:00,791.0,35.0,1.0,0,58.16666666666666,joy,0.9984191656112672,2024-08-17,0.0,4.55,35.0,1,245.0,3.22,3
7404312649925676295,https://www.tiktok.com/@shawnlemuel/video/7404312649925676295,2024-08-18 11:14:00,1031.0,20.0,1.0,1,10.133333333333333,joy,0.5169457197189331,2024-08-18,9.87,2.04,20.0,1,244.0,4.21,3
7405055123606621448,https://www.tiktok.com/@shawnlemuel/video/7405055123606621448,2024-08-20 11:15:00,802.0,26.0,2.0,0,43.86666666666667,joy,0.925369918346405,2024-08-20,0.0,3.49,13.0,0,242.0,3.3,1
7405438199742369032,https://www.tiktok.com/@shawnlemuel/video/7405438199742369032,2024-08-21 12:02:00,890.0,39.0,2.0,1,59.66666666666666,love,0.695571780204773,2024-08-21,1.68,4.61,19.5,0,241.0,3.68,3
7406189719991700754,https://www.tiktok.com/@shawnlemuel/video/7406189719991700754,2024-08-23 12:38:00,783.0,24.0,2.0,6,60.03333333333333,sadness,0.7469136118888855,2024-08-23,9.99,3.32,12.0,0,239.0,3.26,1
7406275791937359112,https://www.tiktok.com/@shawnlemuel/video/7406275791937359112,2024-08-23 18:12:00,785.0,31.0,1.0,2,54.4,joy,0.8362317681312561,2024-08-23,3.68,4.08,31.0,0,239.0,3.27,3
7406509022888611090,https://www.tiktok.com/@shawnlemuel/video/7406509022888611090,2024-08-24 09:17:00,804.0,28.0,2.0,1,59.03333333333333,joy,0.939455509185791,2024-08-24,1.69,3.73,14.0,1,238.0,3.36,1
7406644912306916616,https://www.tiktok.com/@shawnlemuel/video/7406644912306916616,2024-08-24 18:05:00,817.0,13.0,1.0,0,54.63333333333333,joy,0.9859188795089722,2024-08-24,0.0,1.71,13.0,1,238.0,3.42,1
7406953323326213383,https://www.tiktok.com/@shawnlemuel/video/7406953323326213383,2024-08-25 14:01:00,872.0,23.0,4.0,1,44.13333333333333,anger,0.4292153418064117,2024-08-25,2.27,3.1,5.75,1,237.0,3.66,3
7407012207810088210,https://www.tiktok.com/@shawnlemuel/video/7407012207810088210,2024-08-25 17:50:00,346.0,8.0,1.0,8,36.333333333333336,sadness,0.3234988749027252,2024-08-25,22.02,2.6,8.0,1,237.0,1.45,1
7407276366904708359,https://www.tiktok.com/@shawnlemuel/video/7407276366904708359,2024-08-26 10:55:00,963.0,33.0,1.0,1,13.1,joy,0.9944010376930236,2024-08-26,7.63,3.53,33.0,0,236.0,4.06,3
7407670424164764936,https://www.tiktok.com/@shawnlemuel/video/7407670424164764936,2024-08-27 12:24:00,6668.0,117.0,2.0,3,89.03333333333333,love,0.9514331221580504,2024-08-27,3.37,1.78,58.5,0,235.0,28.25,1
7407970333111717127,https://www.tiktok.com/@shawnlemuel/video/7407970333111717127,2024-08-28 07:48:00,817.0,29.0,1.0,1,42.23333333333333,joy,0.9033386707305908,2024-08-28,2.37,3.67,29.0,0,234.0,3.48,1
7408240412097400072,https://www.tiktok.com/@shawnlemuel/video/7408240412097400072,2024-08-29 01:16:00,824.0,30.0,1.0,1,21.83333333333333,anger,0.2915484607219696,2024-08-29,4.58,3.76,30.0,0,233.0,3.52,1
7408412265449278738,https://www.tiktok.com/@shawnlemuel/video/7408412265449278738,2024-08-29 12:23:00,796.0,21.0,0.0,2,59.4,joy,0.4772409200668335,2024-08-29,3.37,2.64,0.0,0,233.0,3.4,1
7408890250082258194,https://www.tiktok.com/@shawnlemuel/video/7408890250082258194,2024-08-30 19:18:00,1110.0,17.0,2.0,2,58.56666666666667,joy,0.9791521430015564,2024-08-30,3.41,1.71,8.5,0,232.0,4.76,1
7409628437041696018,https://www.tiktok.com/@shawnlemuel/video/7409628437041696018,2024-09-01 19:02:00,1017.0,21.0,0.0,5,59.9,joy,0.9950065612792968,2024-09-01,8.35,2.06,0.0,1,230.0,4.4,1
7410413132083907848,https://www.tiktok.com/@shawnlemuel/video/7410413132083907848,2024-09-03 21:47:00,948.0,16.0,0.0,0,11.6,joy,0.4722052812576294,2024-09-03,0.0,1.69,0.0,0,228.0,4.14,3
7410635678590979336,https://www.tiktok.com/@shawnlemuel/video/7410635678590979336,2024-09-04 12:11:00,1018.0,28.0,8.0,0,33.6,joy,0.9970442652702332,2024-09-04,0.0,3.54,3.5,0,227.0,4.46,1
7410719862370143495,https://www.tiktok.com/@shawnlemuel/video/7410719862370143495,2024-09-04 17:37:00,871.0,16.0,0.0,0,89.4,joy,0.9976886510849,2024-09-04,0.0,1.84,0.0,0,227.0,3.82,3
7410993554216013072,https://www.tiktok.com/@shawnlemuel/video/7410993554216013072,2024-09-06 12:00:00,775.0,16.0,0.0,1,49.06666666666667,joy,0.9938833713531494,2024-09-06,2.04,2.06,0.0,0,225.0,3.43,1
7411008335723498770,https://www.tiktok.com/@shawnlemuel/video/7411008335723498770,2024-09-05 12:17:00,1020.0,28.0,0.0,1,6.4,anger,0.2915484607219696,2024-09-05,15.62,2.75,0.0,0,226.0,4.49,3
7412583089446063367,https://www.tiktok.com/@shawnlemuel/video/7412583089446063367,2024-09-09 18:08:00,989.0,20.0,1.0,3,53.4,joy,0.9570236206054688,2024-09-09,5.62,2.12,20.0,0,222.0,4.43,1
7413040734716185874,https://www.tiktok.com/@shawnlemuel/video/7413040734716185874,2024-09-10 23:44:00,45000.0,1500.0,7.0,5,42.96666666666667,love,0.9930142760276794,2024-09-10,11.64,3.35,214.29,0,220.0,203.62,1
7414733173981990151,https://www.tiktok.com/@shawnlemuel/video/7414733173981990151,2024-09-15 13:11:00,1361.0,34.0,2.0,3,20.266666666666666,anger,0.6870571374893188,2024-09-15,14.8,2.65,17.0,1,216.0,6.27,3
7414851308856823058,https://www.tiktok.com/@shawnlemuel/video/7414851308856823058,2024-09-15 20:50:00,1140.0,40.0,1.0,13,36.73333333333333,joy,0.99762362241745,2024-09-15,35.39,3.6,40.0,1,216.0,5.25,3
7416760497334193415,,,,0.0,,0,55.23333333333333,joy,0.9721601009368896,,0.0,0.0,0.0,0,,,1
7416936029925510408,https://www.tiktok.com/@shawnlemuel/video/7416936029925510408,2024-09-21 11:39:00,1119.0,23.0,1.0,3,53.16666666666666,joy,0.9602279663085938,2024-09-21,5.64,2.14,23.0,1,210.0,5.3,1
7417839298042416391,https://www.tiktok.com/@shawnlemuel/video/7417839298042416391,2024-09-23 22:05:00,987.0,34.0,1.0,0,33.9,love,0.9193996787071228,2024-09-23,0.0,3.55,34.0,0,208.0,4.72,1
7419510622007594248,https://www.tiktok.com/@shawnlemuel/video/7419510622007594248,2024-09-28 10:10:00,925.0,23.0,2.0,0,35.13333333333333,joy,0.964557945728302,2024-09-28,0.0,2.7,11.5,1,203.0,4.53,1
7421396123920747783,https://www.tiktok.com/@shawnlemuel/video/7421396123920747783,2024-10-03 12:07:00,128000.0,2932.0,226.0,0,56.16666666666666,joy,0.9947386384010316,2024-10-03,0.0,2.47,12.97,0,198.0,643.22,3
7421563220856556807,https://www.tiktok.com/@shawnlemuel/video/7421563220856556807,2024-10-03 22:55:00,1417.0,40.0,1.0,0,59.833333333333336,love,0.947713017463684,2024-10-03,0.0,2.89,40.0,0,197.0,7.16,1
7421766132505382152,https://www.tiktok.com/@shawnlemuel/video/7421766132505382152,2024-10-04 12:03:00,1336.0,35.0,2.0,0,41.9,anger,0.717122495174408,2024-10-04,0.0,2.77,17.5,0,197.0,6.75,3
7423053075172183304,https://www.tiktok.com/@shawnlemuel/video/7423053075172183304,2024-10-07 23:17:00,1074.0,31.0,0.0,2,18.633333333333333,fear,0.8026022911071777,2024-10-07,10.73,2.89,0.0,0,193.0,5.54,1
7423256449079430418,https://www.tiktok.com/@shawnlemuel/video/7423256449079430418,2024-10-08 12:26:00,1005.0,32.0,0.0,0,37.7,joy,0.9959499835968018,2024-10-08,0.0,3.18,0.0,0,193.0,5.18,1
7424172266843393298,https://www.tiktok.com/@shawnlemuel/video/7424172266843393298,2024-10-10 23:40:00,1151.0,24.0,0.0,5,57.0,love,0.9873921275138856,2024-10-10,8.77,2.09,0.0,0,190.0,6.03,3
7426947528546880776,https://www.tiktok.com/@shawnlemuel/video/7426947528546880776,2024-10-18 11:09:00,1229.0,51.0,2.0,5,58.56666666666667,joy,0.9909838438034058,2024-10-18,8.54,4.31,25.5,0,183.0,6.68,1
7427343122675338514,https://www.tiktok.com/@shawnlemuel/video/7427343122675338514,2024-10-19 12:44:00,1019.0,18.0,0.0,0,28.7,joy,0.99523264169693,2024-10-19,0.0,1.77,0.0,1,182.0,5.57,1
7428631517120826642,https://www.tiktok.com/@shawnlemuel/video/7428631517120826642,2024-10-23 00:04:00,962.0,30.0,2.0,5,76.43333333333334,joy,0.9923456311225892,2024-10-23,6.54,3.33,15.0,0,178.0,5.37,3
7428999461143055623,https://www.tiktok.com/@shawnlemuel/video/7428999461143055623,2024-10-23 23:52:00,1887.0,51.0,0.0,2,33.06666666666667,love,0.546582818031311,2024-10-23,6.05,2.7,0.0,0,177.0,10.6,1
7429863012418473234,https://www.tiktok.com/@shawnlemuel/video/7429863012418473234,2024-10-26 07:43:00,1539.0,43.0,1.0,0,31.766666666666666,joy,0.9987565279006958,2024-10-26,0.0,2.86,43.0,1,175.0,8.74,1
7430063487776328978,https://www.tiktok.com/@shawnlemuel/video/7430063487776328978,2024-10-26 20:41:00,844.0,39.0,1.0,2,48.266666666666666,joy,0.9932519793510436,2024-10-26,4.14,4.74,39.0,1,175.0,4.8,1
7431768009942830343,https://www.tiktok.com/@shawnlemuel/video/7431768009942830343,2024-10-31 10:55:00,55000.0,1492.0,68.0,3,60.0,joy,0.9974945783615112,2024-10-31,5.0,2.84,21.94,0,170.0,321.64,3
7433412832722504978,https://www.tiktok.com/@shawnlemuel/video/7433412832722504978,2024-11-04 21:18:00,870.0,37.0,0.0,2,47.46666666666667,joy,0.5122551321983337,2024-11-04,4.21,4.25,0.0,0,166.0,5.21,3
7433594967630581010,https://www.tiktok.com/@shawnlemuel/video/7433594967630581010,2024-11-05 09:05:00,1369.0,39.0,0.0,1,35.7,joy,0.9941229224205016,2024-11-05,2.8,2.85,0.0,0,165.0,8.25,1
7433713560892476680,https://www.tiktok.com/@shawnlemuel/video/7433713560892476680,2024-11-05 16:45:00,1066.0,43.0,4.0,0,21.566666666666663,love,0.779396653175354,2024-11-05,0.0,4.41,10.75,0,165.0,6.42,1
7433723377740696850,https://www.tiktok.com/@shawnlemuel/video/7433723377740696850,2024-11-05 17:23:00,596.0,9.0,0.0,0,53.8,anger,0.2915484607219696,2024-11-05,0.0,1.51,0.0,0,165.0,3.59,1
7434531791576354056,https://www.tiktok.com/@shawnlemuel/video/7434531791576354056,2024-11-07 21:40:00,1430.0,47.0,2.0,1,58.5,joy,0.9629144072532654,2024-11-07,1.71,3.43,23.5,0,163.0,8.72,1
7436036323506507016,https://www.tiktok.com/@shawnlemuel/video/7436036323506507016,2024-11-11 22:58:00,18000.0,267.0,33.0,0,12.066666666666666,sadness,0.7718059420585632,2024-11-11,0.0,1.67,8.09,0,158.0,113.21,3
7437155810477706514,https://www.tiktok.com/@shawnlemuel/video/7437155810477706514,2024-11-14 23:22:00,31000.0,213.0,34.0,0,20.3,anger,0.5057738423347473,2024-11-14,0.0,0.8,6.26,0,155.0,198.72,1
7437528032539151634,https://www.tiktok.com/@shawnlemuel/video/7437528032539151634,2024-11-15 23:27:00,41000.0,636.0,35.0,1,19.0,joy,0.9950148463249208,2024-11-15,5.26,1.64,18.17,0,154.0,264.52,3
7437740617263861010,https://www.tiktok.com/@shawnlemuel/video/7437740617263861010,2024-11-16 13:12:00,1132.0,35.0,3.0,0,13.866666666666667,anger,0.770988404750824,2024-11-16,0.0,3.36,11.67,1,154.0,7.3,1
7438934073625578759,https://www.tiktok.com/@shawnlemuel/video/7438934073625578759,2024-11-19 18:23:00,1030.0,31.0,6.0,1,73.66666666666667,joy,0.996192455291748,2024-11-19,1.36,3.59,5.17,0,151.0,6.78,3
7439303737031838994,https://www.tiktok.com/@shawnlemuel/video/7439303737031838994,2024-11-20 18:18:00,960.0,31.0,4.0,0,55.03333333333333,joy,0.9950088262557985,2024-11-20,0.0,3.65,7.75,0,150.0,6.36,1
7439341604202220818,https://www.tiktok.com/@shawnlemuel/video/7439341604202220818,2024-11-20 20:44:00,793.0,24.0,2.0,0,90.03333333333333,joy,0.998207688331604,2024-11-20,0.0,3.28,12.0,0,150.0,5.25,1
7439506369792707847,https://www.tiktok.com/@shawnlemuel/video/7439506369792707847,2024-11-21 07:24:00,960.0,20.0,3.0,0,29.9,joy,0.9976398944854736,2024-11-21,0.0,2.4,6.67,0,149.0,6.4,1
7439676500418366728,https://www.tiktok.com/@shawnlemuel/video/7439676500418366728,2024-11-21 18:24:00,930.0,27.0,3.0,0,115.93333333333334,joy,0.7894120812416077,2024-11-21,0.0,3.23,9.0,0,149.0,6.2,3
7440414553017421074,https://www.tiktok.com/@shawnlemuel/video/7440414553017421074,2024-11-23 18:08:00,1111.0,34.0,6.0,0,53.86666666666667,joy,0.8906606435775757,2024-11-23,0.0,3.6,5.67,1,147.0,7.51,1
7441014358005632263,https://www.tiktok.com/@shawnlemuel/video/7441014358005632263,2024-11-25 08:56:00,713.0,15.0,0.0,3,102.66666666666669,joy,0.9804091453552246,2024-11-25,2.92,2.1,0.0,0,145.0,4.88,1
7441057810583948551,https://www.tiktok.com/@shawnlemuel/video/7441057810583948551,2024-11-25 11:44:00,14000.0,292.0,17.0,6,57.16666666666666,joy,0.8566086292266846,2024-11-25,10.5,2.21,17.18,0,145.0,95.89,3
7441251751400852754,https://www.tiktok.com/@shawnlemuel/video/7441251751400852754,2024-11-26 00:17:00,2128.0,65.0,2.0,4,45.73333333333333,love,0.9470478296279908,2024-11-26,8.75,3.15,32.5,0,144.0,14.68,3
7442541499218234632,https://www.tiktok.com/@shawnlemuel/video/7442541499218234632,2024-11-29 11:42:00,15000.0,264.0,7.0,1,37.63333333333333,anger,0.2915484607219696,2024-11-29,2.66,1.81,37.71,0,141.0,105.63,3
7442720575501520136,https://www.tiktok.com/@shawnlemuel/video/7442720575501520136,2024-11-29 23:17:00,1126.0,34.0,1.0,0,30.466666666666665,love,0.6747249364852905,2024-11-29,0.0,3.11,34.0,0,140.0,7.99,3
7442934306453949704,https://www.tiktok.com/@shawnlemuel/video/7442934306453949704,2024-11-30 13:06:00,7293.0,100.0,22.0,0,16.666666666666668,joy,0.9719798564910888,2024-11-30,0.0,1.67,4.55,1,140.0,51.72,3
7444859378936696071,https://www.tiktok.com/@shawnlemuel/video/7444859378936696071,2024-12-05 17:36:00,1008.0,46.0,4.0,3,51.833333333333336,joy,0.9838367104530334,2024-12-05,5.79,4.96,11.5,0,135.0,7.41,1
7445230346196634887,https://www.tiktok.com/@shawnlemuel/video/7445230346196634887,2024-12-06 17:36:00,1190.0,49.0,4.0,3,16.449783116449783,anger,0.2915484607219696,2024-12-06,18.24,4.45,12.25,0,134.0,8.81,3
7445265525883637010,https://www.tiktok.com/@shawnlemuel/video/7445265525883637010,2024-12-06 19:52:00,998.0,37.0,0.0,2,25.966666666666665,joy,0.996801733970642,2024-12-06,7.7,3.71,0.0,0,134.0,7.39,3
7445331228586298642,https://www.tiktok.com/@shawnlemuel/video/7445331228586298642,2024-12-07 00:07:00,1214.0,35.0,2.0,4,9.933333333333334,anger,0.2915484607219696,2024-12-07,40.27,3.05,17.5,1,133.0,9.06,3
7446350667989519634,https://www.tiktok.com/@shawnlemuel/video/7446350667989519634,2024-12-09 18:03:00,991.0,48.0,5.0,2,38.8,joy,0.994958996772766,2024-12-09,5.15,5.35,9.6,0,131.0,7.51,3
7447095066537069842,https://www.tiktok.com/@shawnlemuel/video/7447095066537069842,2024-12-11 18:12:00,783.0,21.0,4.0,0,58.96666666666667,joy,0.94364333152771,2024-12-11,0.0,3.19,5.25,0,129.0,6.02,3
7447848381948448018,https://www.tiktok.com/@shawnlemuel/video/7447848381948448018,2024-12-13 18:55:00,804.0,16.0,2.0,1,17.6,joy,0.9712546467781068,2024-12-13,5.68,2.24,8.0,0,127.0,6.28,3
7448811316812188946,https://www.tiktok.com/@shawnlemuel/video/7448811316812188946,2024-12-16 09:12:00,5465.0,53.0,8.0,2,12.066666666666666,anger,0.7214705944061279,2024-12-16,16.57,1.12,6.62,0,124.0,43.72,3
7448935053595364615,https://www.tiktok.com/@shawnlemuel/video/7448935053595364615,2024-12-16 17:12:00,717.0,14.0,0.0,5,27.166666666666668,joy,0.947329878807068,2024-12-16,18.4,1.95,0.0,0,124.0,5.74,3
7449670959335755016,https://www.tiktok.com/@shawnlemuel/video/7449670959335755016,2024-12-18 16:48:00,707.0,16.0,0.0,4,56.4,joy,0.9977808594703674,2024-12-18,7.09,2.26,0.0,0,122.0,5.75,3
7452666442677292296,https://www.tiktok.com/@shawnlemuel/video/7452666442677292296,2024-12-26 18:32:00,678.0,19.0,8.0,10,90.43333333333334,love,0.9954612851142884,2024-12-26,11.06,3.98,2.38,0,114.0,5.9,1
7454213239782640903,https://www.tiktok.com/@shawnlemuel/video/7454213239782640903,2024-12-30 22:34:00,612.0,5.0,0.0,36,70.33333333333333,joy,0.9989686012268066,2024-12-30,51.18,0.82,0.0,0,109.0,5.56,3
7456648796458470664,https://www.tiktok.com/@shawnlemuel/video/7456648796458470664,2025-01-06 12:05:00,1269.0,15.0,0.0,0,43.63333333333333,love,0.9884499311447144,2025-01-06,0.0,1.18,0.0,0,103.0,12.2,1
7456839374349683986,https://www.tiktok.com/@shawnlemuel/video/7456839374349683986,2025-01-07 00:25:00,1258.0,26.0,1.0,0,10.566666666666666,anger,0.5273493528366089,2025-01-07,0.0,2.15,26.0,0,102.0,12.21,3
7457044558090669330,https://www.tiktok.com/@shawnlemuel/video/7457044558090669330,2025-01-07 13:41:00,1417.0,41.0,11.0,2,26.73333333333333,joy,0.7155895233154297,2025-01-07,7.48,3.67,3.73,0,102.0,13.76,3
7457763767019949330,https://www.tiktok.com/@shawnlemuel/video/7457763767019949330,2025-01-09 12:12:00,119000.0,4307.0,58.0,9,35.43333333333333,joy,0.9565417170524596,2025-01-09,25.4,3.67,74.26,0,100.0,1178.22,3
7459394196860931336,https://www.tiktok.com/@shawnlemuel/video/7459394196860931336,2025-01-13 21:39:00,995.0,19.0,1.0,0,23.766666666666666,sadness,0.7032659649848938,2025-01-13,0.0,2.01,19.0,0,96.0,10.26,3
7459744708026322184,https://www.tiktok.com/@shawnlemuel/video/7459744708026322184,2025-01-14 20:19:00,889.0,13.0,1.0,0,16.6,joy,0.7777674198150635,2025-01-14,0.0,1.57,13.0,0,95.0,9.26,1
7460087956921961746,https://www.tiktok.com/@shawnlemuel/video/7460087956921961746,2025-01-15 18:31:00,1102.0,27.0,1.0,0,35.166666666666664,joy,0.9978972673416138,2025-01-15,0.0,2.54,27.0,0,94.0,11.6,1
7460172445622783250,https://www.tiktok.com/@shawnlemuel/video/7460172445622783250,2025-01-15 23:59:00,3986.0,98.0,5.0,1,48.43333333333333,joy,0.9965066313743592,2025-01-15,2.06,2.58,19.6,0,93.0,42.4,1
7468916670417882386,https://www.tiktok.com/@shawnlemuel/video/7468916670417882386,2025-02-08 13:31:00,1073.0,55.0,2.0,0,30.666666666666668,joy,0.623537003993988,2025-02-08,0.0,5.31,27.5,1,70.0,15.11,1
7470011651572485383,https://www.tiktok.com/@shawnlemuel/video/7470011651572485383,2025-02-11 12:20:00,913.0,15.0,6.0,0,57.66666666666666,joy,0.9922263622283936,2025-02-11,0.0,2.3,2.5,0,67.0,13.43,1
7470384015841742098,https://www.tiktok.com/@shawnlemuel/video/7470384015841742098,2025-02-12 12:25:00,19000.0,125.0,3.0,0,73.76666666666667,joy,0.9942750334739684,2025-02-12,0.0,0.67,41.67,0,66.0,283.58,1
7472242250739715336,https://www.tiktok.com/@shawnlemuel/video/7472242250739715336,2025-02-17 12:36:00,1960.0,79.0,3.0,1,29.433333333333334,love,0.8730828762054443,2025-02-17,3.4,4.18,26.33,0,61.0,31.61,3
7472257694632660242,https://www.tiktok.com/@shawnlemuel/video/7472257694632660242,2025-02-17 13:36:00,947.0,68.0,3.0,2,23.5,joy,0.5351938605308533,2025-02-17,8.51,7.5,22.67,0,61.0,15.27,3
7472790492942454023,https://www.tiktok.com/@shawnlemuel/video/7472790492942454023,2025-02-19 00:03:00,1002.0,24.0,1.0,2,44.73333333333333,anger,0.585022509098053,2025-02-19,4.47,2.5,24.0,0,59.0,16.7,1
7473534932359466248,https://www.tiktok.com/@shawnlemuel/video/7473534932359466248,2025-02-21 00:12:00,704.0,24.0,2.0,5,43.93333333333333,anger,0.2915484607219696,2025-02-21,11.38,3.69,12.0,0,57.0,12.14,1
7473884679008144658,https://www.tiktok.com/@shawnlemuel/video/7473884679008144658,2025-02-21 22:49:00,488.0,20.0,1.0,1,45.0,anger,0.6832922697067261,2025-02-21,2.22,4.3,20.0,0,56.0,8.56,3
